,user1,user2,user3,user4,user5,user6,user7,user8,user9,user10,user11,user12,user13,user14,user15,user16,user17,user18,user19,user20,user21,user22,user23,user24,user25,user26,user27,user28,user29,user30,user31,user32,user33,user34,user35,user36,user37,user38,user39,user40,user41,user42,user43,user44,user45,user46,user47,user48,user49,user50,user51,user52,user53,user54,user55,user56,user57,user58,user59,user60,user61,user62,user63,user64,user65,user66,user67,user68,user69,user70,user71,user72,user73,user74,user75,user76,user77,user78,user79,user80,user81,user82,user83,user84,user85,user86,user87,user88,user89,user90,user91,user92,user93,user94,user95,user96,user97,user98,user99,user100,user123,
user1,0,5.57087,5.11072,8.60366,5.59752,14.1135,6.31785,2.18617,15.4422,1.99614,25,3.16248,5.97669,11.6446,10.5266,11.625,1.82149,3.74136,3.66597,5.10721,25,2.86219,3.56826,2.00334,9.37829,16.6407,4.27036,8.20761,6.64967,6.92663,25,5.97078,4.39851,21.8625,4.54075,8.6656,2.40691,5.88779,11.3357,6.20976,25,7.48342,4.45503,19.9653,0,14.3298,0,4.81464,3.25783,3.01163,25,0,5.72702,19.6305,5.57547,10.8799,8.06001,2.6511,22.7749,3.43786,25,4.01305,4.12594,17.8409,3.80658,5.62387,3.86692,5.0978,17.3205,5.45296,25,3.16666,5.01159,21.2297,1.10723,18.4088,3.23534,8.96015,18.132,3.31019,20.6071,5.78819,7.29083,3.38939,1.44122,13.6748,2.39876,7.1909,1.97985,5.89634,4.54141,7.78833,4.68688,8.29604,8.7466,25,10.3288,5.6429,5.24523,6.17934,0
user2,5.57087,0,0.393124,7.91417,0.476585,5.46865,2.25692,22.0158,6.06477,4.73142,6.11676,15.6713,6.39128,6.10236,1.00208,2.95999,2.05392,22.7622,3.76717,3.67889,3.91624,25,0,4.27383,1.58855,4.86439,9.49064,25,2.41256,9.2489,8.43121,25,5.82558,6.07557,8.27851,8.16177,7.73001,25,3.04834,7.26326,3.36347,25,2.41189,4.34734,3.75562,5.8203,4.41778,25,1.82034,0.844069,2.58724,25,5.23435,6.04204,6.19908,1.51363,7.52294,25,1.2189,6.59376,7.75919,25,1.98623,2.95697,4.41558,4.60351,2.4744,25,9.3901,3.98801,7.61767,25,5.52051,2.54549,10.6553,5.08439,25,4.49969,2.74957,3.06047,3.64353,25,3.24706,1.92257,0,1.80571,5.40857,25,2.51686,5.29475,0.855661,25,1.98621,5.2729,5.89846,3.14288,25,2.25014,7.4456,4.18861,0
user3,5.11072,0.393124,0,19.6997,6.7899,3.78529,25,5.01537,6.84031,8.891,5.32086,10.4956,25,4.83888,4.54917,0,19.5889,5.5943,19.3067,5.89568,1.32514,2.94467,25,20.9117,5.40441,2.64146,18.8675,5.4195,18.1799,2.64854,2.20577,3.53634,19.0263,8.36371,4.16586,11.125,16.376,5.3419,2.69804,0.397024,0,6.32259,25,4.98011,2.3746,5.1912,25,5.61779,18.5846,5.11217,6.48738,8.3215,25,0,6.24064,4.71606,25,1.2225,3.14198,3.71233,4.04351,6.6469,19.0714,3.77267,3.35074,1.29487,22.9493,7.19851,5.42037,7.57505,4.63154,5.04011,13.916,2.81696,1.69786,1.12482,4.88344,25,4.59102,8.10811,2.92084,3.34691,23.0731,15.0854,6.9832,0.347839,24.7925,2.62793,20.343,5.84863,0.0715157,5.33373,25,15.1421,1.76132,2.26101,1.93432,25,15.1749,5.216,0
user4,8.60366,7.91417,19.6997,0,4.8291,5.51966,16.0395,7.59943,22.9076,0,6.40115,5.32633,19.8128,25,5.16716,2.97783,1.24895,3.58478,25,5.26629,1.11668,6.5344,13.7033,23.7783,5.03676,8.83406,8.55991,5.54518,25,2.70717,3.66757,2.6578,5.74302,16.0089,7.06365,4.59531,5.87503,6.25655,16.5287,4.15489,9.93024,5.62483,21.9751,20.2666,8.36004,5.14589,17.2912,2.42251,25,5.71974,4.21031,3.17193,11.7438,23.8945,1.01888,2.8785,18.9878,2.66162,24.5593,5.57789,6.55801,8.28479,7.87137,19.1118,3.58456,3.40248,6.95457,4.9361,20.7795,3.9915,7.90474,4.82215,6.98704,21.0299,5.76273,3.33174,4.48226,25,24.8646,9.64315,8.91454,3.02532,5.84684,25,2.64836,6.7692,5.54294,5.74111,25,6.72551,2.7378,4.82683,18.6376,25,7.02615,3.76173,2.05809,16.0327,25,3.74043,0
user5,5.59752,0.476585,6.7899,4.8291,0,18.6722,1.36999,15.101,8.11402,25,2.437,23.8131,10.2188,2.08457,25,19.3432,8.75737,0.532548,3.24385,25,8.57538,2.1434,4.82731,4.93692,25,19.5337,1.3954,4.35493,4.0739,12.5822,1.87185,3.048,2.35269,4.68989,21.1667,16.8365,5.81181,1.82757,0,24.0662,3.19085,4.56987,8.85322,3.88008,20.9516,15.6047,4.18778,1.71993,4.66681,25,3.07589,4.17848,8.19351,2.63367,25,16.4994,3.95106,10.2754,0.839112,25,4.44635,3.60073,5.9476,6.98562,25,17.1426,5.27738,4.86799,6.58334,18.4728,3.36227,4.81348,3.25698,4.78454,25,5.60375,9.12803,2.28087,2.54769,25,5.6483,5.39238,3.50245,5.2024,16.3042,13.9435,6.15033,3.80572,5.99953,19.3718,15.616,1.83693,4.8721,5.37745,25,2.53541,4.0999,8.9974,4.40479,25,0
user6,14.1135,5.46865,3.78529,5.51966,18.6722,0,1.5858,12.0273,6.76206,19.4189,13.4526,17.9023,3.74898,5.36072,5.09005,25,5.06457,8.66908,1.96934,15.2086,15.4524,4.52521,4.12476,7.47835,1.33186,25,1.61321,6.78232,6.25227,2.92237,12.0342,1.56879,5.88121,5.13951,9.68709,25,3.79472,7.76705,6.73067,7.62176,14.8966,6.96891,6.34395,4.07889,1.78362,25,6.06167,2.12535,3.00725,16.6366,8.59582,4.75961,9.54189,4.49239,17.7249,25,6.10149,4.63567,4.9618,14.6104,11.3477,3.88916,7.77278,3.74922,13.3174,25,5.04785,3.09278,3.82353,3.41633,12.1207,5.01205,1.88143,6.23949,0,16.855,3.40857,3.60924,6.31973,7.61197,12.3055,4.58415,5.86024,2.28192,3.43544,25,9.73387,5.86017,0,9.07664,25,7.28787,5.31024,6.57637,17.5619,15.4036,5.6953,1.98092,5.89035,14.1511,0
user7,6.31785,2.25692,25,16.0395,1.36999,1.5858,0,2.73006,0.607757,2.82416,7.16641,4.23408,25,9.00826,0.0125933,2.98987,14.4224,4.05839,16.1013,6.20037,1.51829,4.48692,25,14.29,1.58169,7.53473,20.7446,2.21096,16.3628,4.80605,0,2.66027,25,0.936351,5.63908,6.99269,21.7557,3.1771,1.40041,4.21209,2.9934,8.55298,25,0.357193,3.41045,10.4094,25,2.65033,15.6305,3.5871,4.03035,7.70998,25,5.10456,7.15207,3.25364,25,2.06359,5.6554,4.49058,8.26727,7.13416,20.7471,5.03739,5.23487,5.76061,21.312,1.8996,4.12928,3.82115,3.84132,4.09221,24.2341,5.53122,1.84447,5.01911,1.42327,25,6.38675,0,3.49008,5.96505,19.8582,12.8629,4.18967,4.86651,12.7511,6.90358,19.3278,4.32586,4.08538,0.648258,25,18.3812,2.32733,9.39236,5.08328,25,15.3347,8.18666,0
user8,2.18617,22.0158,5.01537,7.59943,15.101,12.0273,2.73006,0,1.90241,20.4806,3.53824,25,5.6885,4.1259,1.98806,16.5027,4.80105,18.2958,2.69885,19.5106,3.64911,25,7.55214,1.93277,6.03594,24.1652,4.08827,19.0995,6.91407,1.95898,2.30568,21.8567,1.37428,3.5705,6.64691,16.9907,1.56899,25,11.6894,0,5.97954,13.0469,1.21567,2.64401,1.54082,18.1782,3.44844,22.7777,0.69854,16.3269,0.377507,14.0504,4.58996,0,21.2097,21.9518,2.6552,20.6644,6.97468,16.164,5.22202,24.4681,6.0518,4.445,14.3782,22.8595,3.98807,24.7667,4.14173,7.75515,0,25,0.356613,3.06198,0.714021,2.92101,18.5295,3.04665,3.34568,2.74423,4.28435,16.0541,5.89857,0.699638,5.23687,23.0095,4.81792,24.463,2.73403,6.48872,22.4765,25,4.26564,1.28939,13.6692,5.42881,20.8496,7.71955,6.46529,17.0574,0
user9,15.4422,6.06477,6.84031,22.9076,8.11402,6.76206,0.607757,1.90241,0,5.73283,13.3104,4.28743,1.0666,25,1.28278,4.14881,3.88728,3.13085,17.6577,1.91118,18.4197,3.86286,2.04794,18.2273,5.64838,3.31445,2.24192,0.664966,20.3345,5.46714,16.3647,7.26808,6.3299,25,3.8935,3.9178,3.23582,8.08012,25,4.65277,13.9686,0.215336,4.7378,25,2.00433,5.36101,5.83097,4.99456,19.1414,8.1181,17.5502,6.53235,4.46976,25,2.91637,4.22182,5.62662,8.73303,25,5.08081,15.8577,4.00677,7.50727,25,3.11543,6.69493,4.31412,5.63938,25,4.77479,17.3001,3.72031,3.93428,25,0.484649,7.43639,5.2413,5.46906,25,0.0122307,2.39874,5.94958,2.27036,24.2624,3.58744,3.18125,6.59826,6.38667,16.5414,6.07545,7.11979,1.7863,10.5252,21.2341,4.8849,16.1092,1.81889,8.5315,25,4.88881,0
user10,1.99614,4.73142,8.891,0,25,19.4189,2.82416,20.4806,5.73283,0,2.62077,19.4922,5.55146,6.46543,18.2441,19.3328,4.01383,6.79962,7.45348,25,3.57603,7.1914,6.07873,6.57928,20.6181,19.2191,7.11001,7.53913,4.65982,22.9199,8.79682,1.64547,7.24186,4.37902,20.6413,14.3297,6.12403,0.838734,4.16214,24.7783,7.44231,10.1582,5.25986,5.01745,19.2948,22.8063,2.57025,2.88578,5.8308,25,7.20473,3.30464,6.25183,5.27896,25,18.429,8.58429,0,5.17491,25,2.45284,3.88099,4.64759,7.07655,25,15.7405,7.865,2.57133,6.35299,25,9.59064,4.05616,3.8888,2.72185,24.4312,2.07294,6.36574,2.23261,4.16876,23.3775,4.66617,4.33662,8.96874,5.00006,20.3409,17.1101,7.25297,4.11884,4.21187,23.775,13.6944,6.64445,1.57743,6.59968,25,3.46989,6.26555,7.1722,6.67024,25,0
user11,25,6.11676,5.32086,6.40115,2.437,13.4526,7.16641,3.53824,13.3104,2.62077,0,6.66262,2.67965,19.1529,7.11309,14.0676,5.69793,4.6084,3.31911,2.98212,25,7.55245,7.18906,5.76817,0,16.2825,6.78889,2.62426,4.35607,4.16712,25,6.24113,5.09623,19.0071,5.0881,15.2184,4.91716,2.54874,11.1793,8.99236,25,1.87353,6.29733,14.0642,4.07504,7.95056,2.91584,7.84122,6.05454,8.00025,25,2.98396,4.33723,18.7626,1.91237,11.3541,4.7214,4.90637,18.7714,3.88044,25,3.84277,5.32016,21.0289,9.58669,14.9765,0,3.80202,16.2909,0.729038,25,9.85557,2.27082,20.1818,4.59753,21.4261,4.10858,2.58012,22.152,3.65597,23.9389,7.26643,6.65292,2.92531,5.18276,11.3049,6.60537,9.55074,6.48638,4.70195,19.2325,3.00235,0.012947,8.42008,2.30784,25,4.50914,5.21178,5.13729,1.22409,18.7785
user12,3.16248,15.6713,10.4956,5.32633,23.8131,17.9023,4.23408,25,4.28743,19.4922,6.66262,0,3.23018,5.6013,2.20149,16.0324,0,25,5.18685,15.2388,8.76497,17.0911,0.992178,3.84934,0,19.164,2.03773,24.3213,0,6.54861,4.47047,18.4153,1.40981,6.23594,4.61203,11.1192,2.97635,17.4785,0,5.58826,6.49622,13.5276,0.435984,7.44388,3.66262,15.8059,3.50371,25,2.5356,19.6911,4.13829,21.4832,2.13827,2.19572,17.7721,19.0483,1.08252,23.397,10.5137,13.0088,5.76791,21.2312,4.88472,6.15949,22.1128,16.6845,2.31813,21.0126,1.69298,7.72564,0,23.4359,6.30944,6.20556,8.78157,1.46197,11.086,10.695,8.17696,5.76394,4.49778,18.3975,6.62877,4.96584,4.18095,11.1437,9.5969,23.2697,4.40277,3.54856,11.0469,14.9217,0.224063,2.80118,24.4197,6.30169,15.2909,0,1.81203,21.9043,0
user13,5.97669,6.39128,25,19.8128,10.2188,3.74898,25,5.6885,1.0666,5.55146,2.67965,3.23018,0,1.60421,6.60262,7.75031,25,3.71167,19.8085,4.00757,4.16508,0.312469,25,19.339,7.78173,3.37745,20.8504,5.89151,20.338,5.1841,8.15268,1.47417,24.0524,7.52366,4.65269,4.15351,22.3193,3.66135,7.01648,0,1.40712,10.2578,25,2.27333,2.02085,4.42866,20.219,4.50393,15.4211,3.60627,5.65778,4.34326,25,3.01185,5.08453,2.35261,25,4.08833,5.66629,8.13272,1.87159,2.03268,18.2052,6.65385,6.63569,3.36965,12.7781,8.62668,6.96423,6.17981,3.76125,7.43371,20.0174,3.23065,3.07218,3.40847,3.0645,25,2.78496,4.61627,0,4.25061,25,16.2071,1.96846,7.66174,20.9601,7.1689,14.7011,5.92841,0.587953,5.25142,25,14.2352,0.483399,3.92876,2.79602,25,15.9948,0.476141,0
user14,11.6446,6.10236,4.83888,25,2.08457,5.36072,9.00826,4.1259,25,6.46543,19.1529,5.6013,1.60421,0,5.83301,0.174682,6.484,5.80859,25,7.22165,25,0,0.128782,20.1408,7.75506,3.68485,0,6.63716,25,6.88621,18.2316,0.489153,2.16548,25,4.34451,3.38666,5.84473,3.95948,25,6.47738,19.5365,6.49337,8.17176,25,5.33368,1.20469,7.81465,5.32712,25,2.60715,14.538,2.62651,6.07771,25,9.19829,7.44235,1.32342,4.88121,25,0,13.4886,7.53442,7.08346,25,11.3458,3.5331,7.75746,4.13413,25,4.08363,15.0385,8.90953,11.221,25,2.82898,5.95349,2.23707,2.20374,21.6246,1.78442,4.30782,6.57041,2.18639,21.9667,3.90898,2.10484,2.68961,2.94151,22.6951,5.0786,9.29817,5.34821,2.7309,21.0608,0,18.386,6.47628,5.30749,18.3133,4.32763,0
user15,10.5266,1.00208,4.54917,5.16716,25,5.09005,0.0125933,1.98806,1.28278,18.2441,7.11309,2.20149,6.60262,5.83301,0,3.29722,14.6849,10.2108,5.49079,21.0721,2.91473,3.72914,2.15988,7.75042,25,3.60743,17.6087,7.56785,6.94739,25,4.45541,5.67396,7.7794,6.69631,25,2.11104,13.8302,0,1.49216,25,8.14422,1.15061,4.5261,6.94458,25,2.79542,4.98006,5.40926,2.34747,25,1.3776,4.11103,7.39571,7.72228,16.5588,1.13071,5.52828,3.86098,3.20877,20.3166,3.26995,4.31255,16.6227,1.62499,25,6.08589,19.2139,7.91084,12.0047,25,1.83825,5.88284,21.2487,4.92709,25,6.60691,5.22971,3.8115,11.5899,25,2.44358,6.75397,16.1105,5.48591,25,6.71026,19.2225,4.62451,0.959534,25,6.70949,6.24904,5.15952,4.63065,21.3643,4.00006,3.4661,8.25553,4.88467,16.5007,0
user16,11.625,2.95999,0,2.97783,19.3432,25,2.98987,16.5027,4.14881,19.3328,14.0676,16.0324,7.75031,0.174682,3.29722,0,1.54017,11.1678,5.09459,14.2095,15.0266,2.35016,0,8.65485,0,25,1.53948,8.33998,5.02028,4.27919,9.10276,4.65674,0.505022,5.83131,8.7063,25,5.0975,7.05093,8.49332,2.73391,11.9707,1.87039,1.50954,5.21654,7.43389,25,5.08702,7.24016,7.33256,14.8766,9.54583,8.1465,4.65555,7.52,16.9617,25,5.67549,5.85924,0,16.4989,15.3278,3.4721,5.73013,7.44241,17.0707,25,6.77344,1.68402,3.48041,7.26856,16.9109,0,5.07395,2.30661,5.8268,10.9024,5.87158,6.56867,4.38346,4.90843,7.9472,6.68995,5.80654,2.88398,2.10418,25,4.66628,7.68063,6.0919,8.12382,25,4.13797,6.30938,5.36455,16.1566,17.0256,0,5.34664,4.71697,19.2825,0
user17,1.82149,2.05392,19.5889,1.24895,8.75737,5.06457,14.4224,4.80105,3.88728,4.01383,5.69793,0,25,6.484,14.6849,1.54017,0,3.56985,5.01176,1.05081,3.23207,0,18.659,5.77882,14.1338,4.29568,25,7.64305,7.75933,18.6434,4.51057,3.85744,25,1.64747,18.3857,2.94082,25,1.36883,6.98568,16.551,3.40647,0.120533,25,5.91332,21.1321,3.75172,23.6157,9.35817,7.62846,0,3.8133,4.15199,23.2203,7.1606,3.73849,3.38994,20.439,0.688466,1.15708,2.36373,6.85676,5.26259,25,1.84738,3.08255,0.661543,25,6.59235,9.37605,22.7559,4.07443,1.95883,25,8.09836,14.0597,1.6023,2.62908,22.1202,9.21113,19.8489,3.21845,0.586277,25,2.08182,21.611,3.44672,25,5.255,3.29446,15.2722,9.65946,1.23373,25,2.07337,3.79223,5.6,5.46415,23.1668,2.70842,8.91444,0
user18,3.74136,22.7622,5.5943,3.58478,0.532548,8.66908,4.05839,18.2958,3.13085,6.79962,4.6084,25,3.71167,5.80859,10.2108,11.1678,3.56985,0,7.56683,4.5078,6.97191,25,4.90941,3.46528,5.34702,5.06039,1.99077,25,3.47039,4.10069,6.26629,25,5.90927,2.62573,5.50503,7.14114,3.40035,25,6.28145,3.93946,5.53632,25,5.70267,4.33538,4.93109,6.06071,5.71473,25,2.47614,5.11228,9.03581,25,4.74737,1.08594,5.91489,5.96033,9.09961,25,0,8.07453,1.42954,25,1.81426,3.19212,1.57199,4.12735,6.95591,25,6.93058,5.09222,9.60604,25,5.53284,7.48285,3.09272,5.6651,25,2.13396,1.7351,8.43897,7.83115,25,4.46378,2.24211,2.64454,4.43784,3.60693,25,5.31674,0,4.23211,25,2.12071,4.74875,10.1945,5.47072,25,3.59353,3.19102,12.1499,0
user19,3.66597,3.76717,19.3067,25,3.24385,1.96934,16.1013,2.69885,17.6577,7.45348,3.31911,5.18685,19.8085,25,5.49079,5.09459,5.01176,7.56683,0,7.37125,5.64735,0.147994,14.8369,25,7.02555,1.7506,6.25785,7.25992,25,9.55076,0.988539,2.14259,6.18661,25,1.6327,5.74647,5.91913,2.50494,22.4677,4.21886,0.998329,3.73331,21.2294,18.0705,4.99453,6.0437,7.22269,3.39945,25,1.53335,6.31117,2.26047,17.6756,21.0983,5.52507,5.17326,21.6588,7.84043,23.2545,4.00158,1.69795,1.41257,4.27546,18.6344,7.33013,3.25377,5.34754,11.0874,20.5987,4.41576,4.94658,5.74659,5.39789,15.0802,7.49379,7.57523,5.4298,17.1027,25,1.85147,1.29186,10.6212,3.05716,25,4.90101,1.9674,7.11718,0.210886,25,5.86578,0,4.4199,21.8166,19.8667,4.09724,5.4416,8.87772,22.2728,25,6.07966,0
user20,5.10721,3.67889,5.89568,5.26629,25,15.2086,6.20037,19.5106,1.91118,25,2.98212,15.2388,4.00757,7.22165,21.0721,14.2095,1.05081,4.5078,7.37125,0,1.15747,4.26974,5.84074,3.59361,19.6519,18.6551,11.0513,5.48813,6.25754,20.9063,4.16679,4.252,6.67325,1.53798,23.1895,18.6599,3.93465,8.67708,1.6013,20.1283,8.59414,0.335165,5.2608,8.40682,23.3397,15.8576,1.38753,8.49832,3.00254,25,3.95096,4.72748,4.28022,7.20198,25,21.082,7.02121,4.31707,1.88835,25,9.61021,3.14817,4.5992,1.64948,25,17.0414,5.95199,2.79152,4.3485,24.222,2.89805,4.39354,2.70335,6.54671,22.0646,2.31528,4.82052,4.97691,5.39263,17.271,7.25946,2.06103,10.651,5.93339,19.6619,19.3782,7.61079,4.46206,6.31117,25,19.9556,12.1117,7.38987,8.18118,25,7.10615,3.12773,4.99911,5.83141,25,0
user21,25,3.91624,1.32514,1.11668,8.57538,15.4524,1.51829,3.64911,18.4197,3.57603,25,8.76497,4.16508,25,2.91473,15.0266,3.23207,6.97191,5.64735,1.15747,0,3.15246,3.65025,4.68136,4.72779,12.4794,2.58628,3.13806,3.84852,7.88764,25,6.44309,6.04526,15.9165,5.56303,15.6715,3.5962,6.00623,20.7586,2.25841,25,6.94146,6.76196,19.3058,6.37546,18.3699,7.02856,3.47708,3.79515,3.90303,25,3.27356,1.76829,14.8185,5.58711,13.3064,3.95016,3.31121,19.6784,2.91928,25,7.07049,3.79794,15.8307,4.26731,12.5198,4.238,3.94941,18.0119,0,25,0.979604,0,10.8449,0,22.4809,5.76622,8.23845,21.5923,3.23203,25,6.33966,3.65188,6.11894,2.83287,8.65373,4.71353,5.47391,3.12256,2.88449,16.5207,1.41747,3.83466,3.15245,6.65813,25,6.41896,7.34134,6.08222,2.76577,0
user22,2.86219,25,2.94467,6.5344,2.1434,4.52521,4.48692,25,3.86286,7.1914,7.55245,17.0911,0.312469,0,3.72914,2.35016,0,25,0.147994,4.26974,3.15246,0,4.12211,3.17205,3.96446,4.76353,6.92928,24.4892,8.90487,1.52332,8.60482,25,5.91466,4.23454,3.12371,1.13195,4.83088,25,1.74356,3.98113,2.77182,25,5.26481,4.57401,3.96815,5.3458,1.77687,25,1.87681,2.81816,3.50906,25,1.64751,6.35877,1.81527,7.30104,2.14412,25,0.954661,3.56619,5.08998,25,2.51585,8.40214,3.25643,4.77943,3.62685,25,6.9293,4.31547,0.765954,25,2.96663,2.80289,2.83887,7.37074,25,0.396665,4.58695,4.25118,8.80224,25,0.701319,5.90518,3.03218,0.817919,5.23672,25,1.90641,4.83932,2.57659,25,2.89318,8.22009,5.38638,4.38853,25,2.63172,4.09803,2.13832,0
user23,3.56826,0,25,13.7033,4.82731,4.12476,25,7.55214,2.04794,6.07873,7.18906,0.992178,25,0.128782,2.15988,0,18.659,4.90941,14.8369,5.84074,3.65025,4.12211,0,15.4809,6.20867,6.7612,15.3822,4.53295,15.9682,3.80463,4.9666,6.05476,25,7.70042,0,1.54496,17.007,2.45284,2.14653,1.53257,10.4398,3.78365,25,5.71109,1.74148,5.13859,25,3.00205,23.6565,3.45506,5.44951,4.12905,25,6.13177,3.75468,2.65425,25,2.96392,5.63129,5.06649,6.47231,5.49166,17.3191,7.53258,5.0788,1.24962,22.143,3.01951,3.67763,1.56612,4.33128,0,19.8533,6.34205,3.85754,4.3121,2.02471,25,4.41776,4.17128,7.24434,3.96266,17.597,16.0131,4.95177,6.80917,20.2995,4.64243,23.0138,7.62865,5.35677,4.62413,23.7558,9.80303,5.6841,0.969987,2.47254,25,18.4923,0,0
user24,2.00334,4.27383,20.9117,23.7783,4.93692,7.47835,14.29,1.93277,18.2273,6.57928,5.76817,3.84934,19.339,20.1408,7.75042,8.65485,5.77882,3.46528,25,3.59361,4.68136,3.17205,15.4809,0,4.43597,2.32504,3.51015,3.58463,25,4.15765,5.75475,5.65581,6.27721,12.6464,6.06798,3.60087,4.7491,1.63736,25,1.55417,1.55524,2.20657,10.9564,25,3.67217,5.50059,20.6177,4.25603,25,5.32459,0.715586,6.58531,21.285,9.46945,2.22391,3.99749,21.39,2.98952,20.6168,1.071,2.59688,6.05868,6.502,22.1474,0.863031,4.44305,8.09178,6.28893,25,4.33117,9.75737,4.4363,7.48357,23.5872,2.53111,2.37391,0.961694,17.1362,19.6075,1.66197,6.49458,7.38906,6.07863,25,2.74331,3.26339,4.71534,0.204044,25,7.08946,3.81971,8.58418,15.131,25,0.460887,2.78676,4.65027,21.4115,25,1.65079,0
user25,9.37829,1.58855,5.40441,5.03676,25,1.33186,1.58169,6.03594,5.64838,20.6181,0,0,7.78173,7.75506,25,0,14.1338,5.34702,7.02555,19.6519,4.72779,3.96446,6.20867,4.43597,0,4.85419,19.3146,3.85017,1.37243,25,4.15064,3.43086,23.4611,3.66307,25,0,14.8693,2.58903,4.94331,25,4.54872,7.04011,6.93204,4.3952,25,4.41984,4.15887,2.14199,3.22094,15.5986,4.46357,2.10722,9.71395,3.39219,19.0241,0.524589,1.1215,7.43795,2.04693,25,5.29785,4.4216,17.7773,0.672836,22.1362,3.29019,9.5082,0.313513,3.88575,25,2.09158,5.85218,12.8333,6.04375,25,3.55782,7.43336,7.63999,8.9698,25,3.05437,3.76727,10.4755,2.06172,25,4.78041,12.4176,3.99845,2.41269,25,4.76534,11.9331,4.37529,3.77633,25,4.69978,2.6523,4.63624,1.22863,18.2499,0
user26,16.6407,4.86439,2.64146,8.83406,19.5337,25,7.53473,24.1652,3.31445,19.2191,16.2825,19.164,3.37745,3.68485,3.60743,25,4.29568,5.06039,1.7506,18.6551,12.4794,4.76353,6.7612,2.32504,4.85419,0,2.14038,1.84957,5.39808,7.30908,16.9512,6.55159,8.18076,5.30773,0,25,3.59951,4.56169,5.02739,3.63867,14.4246,8.55051,4.85513,0.649239,7.51709,25,6.9277,6.03128,5.4187,17.2494,14.4578,3.39322,2.92243,8.08535,16.3061,25,4.38885,8.13572,8.14538,14.8182,11.3954,5.66335,0,0,17.8954,22.649,8.42291,6.99889,5.06145,5.82737,13.4335,3.45941,5.96828,2.16477,6.47884,10.4233,0,2.19263,1.38656,5.10064,11.922,1.85834,6.46861,3.09397,6.92225,25,6.88658,5.46996,5.22859,2.54966,25,6.65081,4.43892,7.28967,23.3157,11.4339,2.47335,0.0356673,4.94477,17.0442,0
user27,4.27036,9.49064,18.8675,8.55991,1.3954,1.61321,20.7446,4.08827,2.24192,7.11001,6.78889,2.03773,20.8504,0,17.6087,1.53948,25,1.99077,6.25785,11.0513,2.58628,6.92928,15.3822,3.51015,19.3146,2.14038,0,5.71847,4.47364,15.2063,4.06358,4.74609,25,5.98006,12.2042,4.56,25,2.02449,3.68766,15.7885,5.77051,3.94763,16.6328,4.48643,22.4423,3.02825,13.9204,8.15724,5.24227,6.54269,2.67976,2.41676,18.7224,3.79407,5.74474,5.19647,22.8088,6.20802,4.42817,2.54862,5.35474,8.487,25,0.965817,0.646202,4.77182,24.7968,5.1254,4.27028,21.2306,5.99566,7.04741,25,2.73578,15.9818,8.17354,4.21486,17.2949,4.30299,17.0044,0.691104,9.32107,25,5.50454,17.6086,0,25,3.89243,0.371018,19.9724,3.09266,1.48103,16.772,1.7731,3.80342,6.24725,7.79192,14.3831,6.8504,8.11507,0
user28,8.20761,25,5.4195,5.54518,4.35493,6.78232,2.21096,19.0995,0.664966,7.53913,2.62426,24.3213,5.89151,6.63716,7.56785,8.33998,7.64305,25,7.25992,5.48813,3.13806,24.4892,4.53295,3.58463,3.85017,1.84957,5.71847,0,7.85557,7.25783,5.33917,25,7.59536,5.56707,5.52798,8.11945,5.96474,25,2.91506,1.50795,7.49418,25,0,1.22578,6.1939,5.66286,5.15961,25,8.88019,1.66051,2.11779,25,7.64689,7.6558,1.36886,6.50501,3.50578,25,4.94454,5.43983,3.03516,25,5.50249,4.96753,2.94312,4.10806,3.88169,25,2.9151,4.02683,3.44984,25,3.24913,3.2857,0.744055,1.22549,25,3.06953,3.9574,6.9441,7.17146,25,1.37735,4.1236,4.52686,6.67805,6.44759,25,2.38003,8.23619,3.47747,25,5.96175,7.91811,4.26122,6.08877,25,2.81268,4.3374,2.85004,0
user29,6.64967,2.41256,18.1799,25,4.0739,6.25227,16.3628,6.91407,20.3345,4.65982,4.35607,0,20.338,25,6.94739,5.02028,7.75933,3.47039,25,6.25754,3.84852,8.90487,15.9682,25,1.37243,5.39808,4.47364,7.85557,0,0,6.33303,5.76837,4.01939,22.8437,5.86427,9.45124,3.45268,5.43807,20.2193,2.8462,6.22427,9.457,20.0564,20.3279,5.7957,5.76071,18.7388,4.78776,25,2.9676,5.54835,5.95901,16.771,25,4.55006,3.85593,20.9703,9.42812,25,5.08341,3.63915,2.40843,2.51512,18.7772,5.68703,7.88862,1.1693,7.78098,22.8262,3.38817,5.9346,7.67468,4.09296,23.3912,7.16968,1.9689,6.60283,22.9883,22.0365,0,6.89577,5.20353,5.25074,25,5.51299,10.3478,0.342523,3.18561,25,2.67651,1.37777,8.56203,20.1234,25,7.62207,4.53108,1.08293,20.7921,25,7.12155,0
user30,6.92663,9.2489,2.64854,2.70717,12.5822,2.92237,4.80605,1.95898,5.46714,22.9199,4.16712,6.54861,5.1841,6.88621,25,4.27919,18.6434,4.10069,9.55076,20.9063,7.88764,1.52332,3.80463,4.15765,25,7.30908,15.2063,7.25783,0,0,5.0551,5.63164,21.0564,6.17379,25,5.03064,20.2009,0,2.69479,25,2.53155,0,4.43169,2.07251,25,5.26492,5.40282,6.84851,5.6522,19.2547,2.28451,0.373175,7.0009,7.18075,21.0574,5.03872,6.04187,0.310911,5.68888,23.7087,12.9643,5.17676,17.188,3.04189,25,7.31148,11.2937,5.77969,0.456229,25,7.16105,2.48628,18.6997,3.09227,25,8.27781,2.95551,0.332947,4.88591,25,3.03763,4.11206,14.4922,5.29139,25,6.0269,14.9663,3.04345,2.91466,25,0,2.85057,3.56744,3.11322,20.1117,5.40169,4.00165,8.33591,4.97118,13.9498,0
user31,25,8.43121,2.20577,3.66757,1.87185,12.0342,0,2.30568,16.3647,8.79682,25,4.47047,8.15268,18.2316,4.45541,9.10276,4.51057,6.26629,0.988539,4.16679,25,8.60482,4.9666,5.75475,4.15064,16.9512,4.06358,5.33917,6.33303,5.0551,0,6.70687,6.35985,15.3005,8.06314,16.6127,1.66133,4.06006,15.1008,0.12806,25,8.84908,6.66417,19.9249,0,7.68272,7.51991,5.67606,5.43896,5.86627,25,1.31462,8.79432,15.0116,4.0324,16.2491,2.8674,6.11937,14.987,7.71699,25,2.31161,4.7307,24.7858,5.14191,9.26819,7.0777,6.86244,19.9427,5.08623,25,4.07327,8.08258,17.4291,4.36671,19.6736,5.5909,3.88747,17.4109,6.37237,20.9154,6.47248,4.96812,7.1805,4.49611,21.0348,8.5163,7.1019,7.17899,7.19073,14.7659,8.32818,3.70907,5.37239,3.31518,25,8.54518,6.189,3.82355,4.50543,0
user32,5.97078,25,3.53634,2.6578,3.048,1.56879,2.66027,21.8567,7.26808,1.64547,6.24113,18.4153,1.47417,0.489153,5.67396,4.65674,3.85744,25,2.14259,4.252,6.44309,25,6.05476,5.65581,3.43086,6.55159,4.74609,25,5.76837,5.63164,6.70687,0,3.22873,4.18646,7.76767,5.09437,7.39808,25,3.53499,2.80449,6.42838,25,0.847665,4.38114,6.74509,7.99433,3.49438,25,2.6932,1.61994,1.72585,25,7.90303,2.52682,3.52507,0.980307,6.93411,25,2.45986,3.19487,5.22274,25,3.96251,0.332613,4.55288,2.73425,7.79309,25,2.7115,3.43899,4.34285,25,1.72381,10.2982,2.70003,2.42024,25,7.61718,10.0939,1.03427,3.21727,25,1.241,4.9562,3.80922,9.3897,6.36074,25,2.33274,5.98746,8.96502,25,4.22666,6.09214,7.96162,10.6719,25,6.51703,9.41966,2.83123,0
user33,4.39851,5.82558,19.0263,5.74302,2.35269,5.88121,25,1.37428,6.3299,7.24186,5.09623,1.40981,24.0524,2.16548,7.7794,0.505022,25,5.90927,6.18661,6.67325,6.04526,5.91466,25,6.27721,23.4611,8.18076,25,7.59536,4.01939,21.0564,6.35985,3.22873,0,9.52964,18.0732,6.44225,25,2.95134,9.20439,17.9959,6.5924,4.75929,22.8678,7.12233,14.84,7.61385,20.766,3.42733,5.3099,5.13098,4.71614,1.83659,24.9216,2.70419,8.42196,5.56511,23.6792,4.28935,2.04738,4.7166,6.65159,4.42969,25,3.35542,7.95809,2.09592,25,5.23187,7.64412,20.4028,4.55372,9.09202,25,4.79906,17.4575,6.71882,8.79741,17.4695,3.98677,23.6915,0.386934,1.18332,25,9.73084,17.1617,6.18793,25,1.18838,3.43614,19.4534,3.8495,8.95401,18.8413,4.16354,9.6444,5.50269,1.76746,25,2.95901,5.5619,0
user34,21.8625,6.07557,8.36371,16.0089,4.68989,5.13951,0.936351,3.5705,25,4.37902,19.0071,6.23594,7.52366,25,6.69631,5.83131,1.64747,2.62573,25,1.53798,15.9165,4.23454,7.70042,12.6464,3.66307,5.30773,5.98006,5.56707,22.8437,6.17379,15.3005,4.18646,9.52964,0,4.33296,9.53263,2.77011,4.51767,25,5.42783,18.3676,0,1.92422,25,7.43317,6.45772,4.64945,3.22586,25,5.63898,14.2814,3.72878,2.57579,25,9.07074,6.56757,3.90525,0,22.4655,5.08804,14.7184,3.2337,4.5311,25,3.14489,7.80815,5.69667,2.4971,25,0.498257,17.4716,4.25432,7.38673,25,6.52578,1.46242,11.3924,4.08965,25,1.28293,3.36447,4.5055,8.03903,22.612,2.46063,6.61751,5.06575,7.20367,25,4.80151,5.76222,7.55506,8.30608,19.4411,4.14039,13.4966,3.67715,6.79182,8.69956,7.76871,0
user35,4.54075,8.27851,4.16586,7.06365,21.1667,9.68709,5.63908,6.64691,3.8935,20.6413,5.0881,4.61203,4.65269,4.34451,25,8.7063,18.3857,5.50503,1.6327,23.1895,5.56303,3.12371,0,6.06798,25,0,12.2042,5.52798,5.86427,25,8.06314,7.76767,18.0732,4.33296,0,7.33226,16.5714,5.30554,2.07333,25,6.27004,3.87392,3.99501,9.80188,25,2.55158,5.84831,8.00071,5.13269,15.6223,3.30366,5.93323,0.926662,5.55141,11.3128,1.0656,4.21904,6.38013,4.31052,23.6434,0.278854,5.35893,13.5802,5.14127,23.9672,8.48547,21.8005,5.38562,6.87453,25,3.74659,3.09462,18.7407,1.45486,25,1.34824,7.87651,8.17446,2.63545,25,4.37689,3.64307,20.4702,0,25,4.73091,21.1433,3.37656,4.91714,25,8.32061,3.13926,4.76611,0.974569,19.0838,4.37203,7.10337,6.41141,7.34821,23.48,0
user36,8.6656,8.16177,11.125,4.59531,16.8365,25,6.99269,16.9907,3.9178,14.3297,15.2184,11.1192,4.15351,3.38666,2.11104,25,2.94082,7.14114,5.74647,18.6599,15.6715,1.13195,1.54496,3.60087,0,25,4.56,8.11945,9.45124,5.03064,16.6127,5.09437,6.44225,9.53263,7.33226,0,8.88011,2.54531,9.22747,2.35892,8.44628,9.14872,8.61073,2.27148,6.90965,25,1.26555,5.80342,2.22156,18.9786,13.7542,7.05209,5.05167,11.4429,15.0042,25,0,0,0.193531,22.1149,13.1822,7.85286,2.58549,8.59095,21.5801,25,3.30263,4.53194,5.17499,0.890913,13.2692,6.68362,4.53541,3.80072,4.68122,13.5429,3.24219,8.74416,5.88545,5.86607,14.3678,2.80254,4.75646,3.85324,4.27812,25,4.12195,4.43528,3.68156,6.84813,25,10.0061,2.39966,3.98229,25,9.03052,5.10299,9.1921,11.1069,25,0
user37,2.40691,7.73001,16.376,5.87503,5.81181,3.79472,21.7557,1.56899,3.23582,6.12403,4.91716,2.97635,22.3193,5.84473,13.8302,5.0975,25,3.40035,5.91913,3.93465,3.5962,4.83088,17.007,4.7491,14.8693,3.59951,25,5.96474,3.45268,20.2009,1.66133,7.39808,25,2.77011,16.5714,8.88011,0,4.11983,5.6844,17.5231,1.55956,3.88283,24.6127,3.8278,22.3524,6.33552,25,5.40141,7.58515,6.83575,3.30249,0.456966,16.715,7.67395,5.43012,8.97502,25,6.6232,1.46623,7.30258,0,4.17371,25,0.614518,5.74937,3.9455,25,6.85377,4.7292,14.988,4.59049,5.43166,25,3.79478,14.0217,2.80674,7.04488,15.4034,2.06715,20.2373,2.50855,4.20931,25,6.88241,19.3709,3.52384,25,2.94798,9.32435,16.3766,3.35179,6.72635,17.1295,4.75124,4.82263,5.13181,4.76925,25,4.29976,5.77688,0
user38,5.88779,25,5.3419,6.25655,1.82757,7.76705,3.1771,25,8.08012,0.838734,2.54874,17.4785,3.66135,3.95948,0,7.05093,1.36883,25,2.50494,8.67708,6.00623,25,2.45284,1.63736,2.58903,4.56169,2.02449,25,5.43807,0,4.06006,25,2.95134,4.51767,5.30554,2.54531,4.11983,0,0,2.32407,6.42727,25,4.76749,4.28606,5.13394,3.47074,2.30784,25,6.52465,1.59749,7.54479,25,5.7947,11.4791,6.60214,7.19821,1.35912,25,4.2735,1.96649,4.21462,25,7.2021,4.41374,5.30677,6.83,7.48291,25,6.87512,3.69148,5.82552,25,4.27337,2.52182,0,6.01948,25,6.46813,2.00175,0.367428,5.24322,25,10.6383,6.33596,2.468,1.1444,8.44681,25,0,6.61481,6.67121,25,0.0324145,5.3845,1.63553,12.1045,25,2.21541,5.89889,4.58363,0
user39,11.3357,3.04834,2.69804,16.5287,0,6.73067,1.40041,11.6894,25,4.16214,11.1793,0,7.01648,25,1.49216,8.49332,6.98568,6.28145,22.4677,1.6013,20.7586,1.74356,2.14653,25,4.94331,5.02739,3.68766,2.91506,20.2193,2.69479,15.1008,3.53499,9.20439,25,2.07333,9.22747,5.6844,0,0,8.24258,7.97778,6.02571,6.69511,25,5.59249,5.7243,0.742502,1.26083,25,6.16118,17.9632,6.69152,4.41257,25,3.5687,0.725123,9.51768,10.914,25,9.75639,16.6513,6.92017,0.96145,25,0.927487,5.22629,5.45348,3.01357,25,8.32924,17.0318,1.12832,4.41379,25,0.818837,2.40277,5.9778,4.13083,25,2.4284,1.32209,5.18556,0.486901,18.2773,7.10811,4.49647,3.27478,7.16217,17.5715,6.45077,1.96083,3.23788,1.83376,22.9901,0,21.7358,6.75471,4.7795,25,4.41509,0
user40,6.20976,7.26326,0.397024,4.15489,24.0662,7.62176,4.21209,0,4.65277,24.7783,8.99236,5.58826,0,6.47738,25,2.73391,16.551,3.93946,4.21886,20.1283,2.25841,3.98113,1.53257,1.55417,25,3.63867,15.7885,1.50795,2.8462,25,0.12806,2.80449,17.9959,5.42783,25,2.35892,17.5231,2.32407,8.24258,0,3.78434,4.84157,5.14123,7.83,25,5.66712,3.61565,0.944908,8.70599,17.6729,6.71658,4.68131,0,9.25309,20.7352,8.02462,6.14582,2.97809,8.93233,17.7673,1.69081,2.95004,18.1855,3.53448,25,8.67165,19.8403,3.07107,0.646636,25,2.70522,6.6998,15.7086,4.97022,25,6.24003,6.76494,3.9727,8.78098,25,2.2903,2.51988,17.6274,3.91893,25,8.04858,15.7215,3.2648,3.08568,25,2.95376,2.51359,2.2077,4.41833,21.258,4.91369,4.70778,5.48054,3.70978,22.0274,0
user41,25,3.36347,0,9.93024,3.19085,14.8966,2.9934,5.97954,13.9686,7.44231,25,6.49622,1.40712,19.5365,8.14422,11.9707,3.40647,5.53632,0.998329,8.59414,25,2.77182,10.4398,1.55524,4.54872,14.4246,5.77051,7.49418,6.22427,2.53155,25,6.42838,6.5924,18.3676,6.27004,8.44628,1.55956,6.42727,7.97778,3.78434,0,0.760928,2.75071,19.7595,4.73973,11.0134,6.23395,0.0862869,4.8273,7.1762,25,2.30263,4.76521,22.8229,6.23875,11.3536,0.811812,3.67001,15.1277,2.6755,25,3.79841,2.16278,20.7838,4.27412,7.83851,3.06737,7.08365,11.5677,2.52654,25,2.24509,4.45214,15.0416,2.25277,15.3137,1.40006,4.24567,21.2205,5.63169,19.2969,7.83976,4.55295,2.44355,5.9596,13.6645,6.52654,0,5.68348,2.79167,12.8088,6.54438,4.0096,4.56678,7.10564,25,4.15437,3.72976,0.0540109,6.95546,0
user42,7.48342,25,6.32259,5.62483,4.56987,6.96891,8.55298,13.0469,0.215336,10.1582,1.87353,13.5276,10.2578,6.49337,1.15061,1.87039,0.120533,25,3.73331,0.335165,6.94146,25,3.78365,2.20657,7.04011,8.55051,3.94763,25,9.457,0,8.84908,25,4.75929,0,3.87392,9.14872,3.88283,25,6.02571,4.84157,0.760928,0,7.45992,0,5.61905,4.23096,3.95557,25,4.09735,4.4989,4.58826,25,4.71693,4.90053,6.02563,2.13999,7.89441,25,4.23293,5.99592,6.17358,25,4.96742,2.81289,0.430378,2.4791,5.96185,25,3.31834,8.85251,2.33664,25,3.01442,7.30776,4.05659,3.72105,25,6.03751,0.464522,7.71398,0.657421,25,6.45401,5.8699,2.40505,6.51519,7.29791,25,4.32757,8.37769,4.83475,25,4.63059,3.05962,2.02851,5.14927,25,0,7.41857,5.87837,0
user43,4.45503,2.41189,25,21.9751,8.85322,6.34395,25,1.21567,4.7378,5.25986,6.29733,0.435984,25,8.17176,4.5261,1.50954,25,5.70267,21.2294,5.2608,6.76196,5.26481,25,10.9564,6.93204,4.85513,16.6328,0,20.0564,4.43169,6.66417,0.847665,22.8678,1.92422,3.99501,8.61073,24.6127,4.76749,6.69511,5.14123,2.75071,7.45992,0,3.27144,4.54634,6.5133,25,3.68508,17.6626,9.18526,8.12644,1.94289,25,1.93441,3.84023,2.47635,25,6.20969,4.82163,2.6991,2.72512,5.09549,21.0257,7.21651,5.96691,3.95593,21.1354,1.44895,5.65015,5.522,5.90508,5.14246,21.8499,6.20513,7.72228,5.08666,9.03604,25,5.67142,6.09578,1.18156,2.86282,25,19.6789,5.0038,7.2183,14.4287,2.87911,17.1804,4.91209,4.92453,1.75743,25,12.8469,5.48776,11.2357,3.71048,25,21.4933,6.10435,0
user44,19.9653,4.34734,4.98011,20.2666,3.88008,4.07889,0.357193,2.64401,25,5.01745,14.0642,7.44388,2.27333,25,6.94458,5.21654,5.91332,4.33538,18.0705,8.40682,19.3058,4.57401,5.71109,25,4.3952,0.649239,4.48643,1.22578,20.3279,2.07251,19.9249,4.38114,7.12233,25,9.80188,2.27148,3.8278,4.28606,25,7.83,19.7595,0,3.27144,0,9.25009,5.50791,6.42113,3.5131,25,4.75997,18.208,4.35055,4.23745,25,3.43618,6.18493,3.82397,5.46284,25,6.80275,25,5.16453,3.68812,25,5.53105,9.31917,9.5152,4.78519,25,1.85008,18.1225,5.05395,4.52511,25,7.75654,2.43239,1.48483,4.34047,25,2.78097,3.01477,5.88169,7.34198,17.2097,5.38204,6.32843,6.39087,5.33705,12.0324,4.0863,5.35967,3.44442,3.70029,14.929,2.05749,19.695,1.6552,3.38107,25,7.38265,0
user45,0,3.75562,2.3746,8.36004,20.9516,1.78362,3.41045,1.54082,2.00433,19.2948,4.07504,3.66262,2.02085,5.33368,25,7.43389,21.1321,4.93109,4.99453,23.3397,6.37546,3.96815,1.74148,3.67217,25,7.51709,22.4423,6.1939,5.7957,25,0,6.74509,14.84,7.43317,25,6.90965,22.3524,5.13394,5.59249,25,4.73973,5.61905,4.54634,9.25009,0,8.65418,3.24263,2.92075,1.02307,17.7428,7.44461,4.87262,5.32091,7.38357,25,2.42884,2.97199,5.90081,2.68312,25,2.75181,4.74763,20.0994,2.2056,22.5164,7.87278,15.2397,5.98728,5.27375,25,7.4985,3.59667,23.2156,7.4148,25,4.19351,3.59052,0.680638,6.08547,25,2.94681,4.39248,20.0633,6.06719,21.514,6.63637,19.7504,6.96146,0,25,4.92138,6.69491,4.38748,3.07653,25,2.82116,3.1725,2.24472,6.8866,19.5819,0
user46,14.3298,5.8203,5.1912,5.14589,15.6047,25,10.4094,18.1782,5.36101,22.8063,7.95056,15.8059,4.42866,1.20469,2.79542,25,3.75172,6.06071,6.0437,15.8576,18.3699,5.3458,5.13859,5.50059,4.41984,25,3.02825,5.66286,5.76071,5.26492,7.68272,7.99433,7.61385,6.45772,2.55158,25,6.33552,3.47074,5.7243,5.66712,11.0134,4.23096,6.5133,5.50791,8.65418,0,2.97245,1.26517,4.31254,22.0911,9.54533,4.23974,0,4.2731,15.6217,25,3.8229,3.06134,3.87765,20.0028,7.92812,8.8392,6.25197,8.01857,22.1512,25,0,4.25998,2.42723,4.06579,14.5946,1.87671,6.20019,4.93203,7.11071,14.5494,9.32316,4.91348,4.87846,5.70278,17.8556,3.25288,8.27445,7.29863,9.49154,25,2.16718,0.863303,4.60188,4.70739,25,4.56269,0,3.22346,12.6253,11.2062,4.98597,3.74752,5.49779,21.7069,0
user47,0,4.41778,25,17.2912,4.18778,6.06167,25,3.44844,5.83097,2.57025,2.91584,3.50371,20.219,7.81465,4.98006,5.08702,23.6157,5.71473,7.22269,1.38753,7.02856,1.77687,25,20.6177,4.15887,6.9277,13.9204,5.15961,18.7388,5.40282,7.51991,3.49438,20.766,4.64945,5.84831,1.26555,25,2.30784,0.742502,3.61565,6.23395,3.95557,25,6.42113,3.24263,2.97245,0,4.45377,22.2703,6.47566,6.24973,0,25,11.1234,3.99085,1.60094,25,0.868322,6.4031,4.5146,1.24449,5.59776,22.2847,0.48783,4.93177,8.64406,17.8283,4.5386,7.08851,4.22242,5.6131,5.14203,16.569,1.60299,8.42124,4.84302,3.83722,25,5.12452,3.88376,5.35445,0,17.7479,15.8122,3.1763,5.87601,17.6585,4.73573,9.15579,1.23403,6.93869,5.44857,25,19.4107,4.54145,5.65729,4.97114,25,14.4783,0.0969309,0
user48,4.81464,25,5.61779,2.42251,1.71993,2.12535,2.65033,22.7777,4.99456,2.88578,7.84122,25,4.50393,5.32712,5.40926,7.24016,9.35817,25,3.39945,8.49832,3.47708,25,3.00205,4.25603,2.14199,6.03128,8.15724,25,4.78776,6.84851,5.67606,25,3.42733,3.22586,8.00071,5.80342,5.40141,25,1.26083,0.944908,0.0862869,25,3.68508,3.5131,2.92075,1.26517,4.45377,0,1.52211,9.87667,7.38184,25,2.07239,4.91144,4.73493,10.5094,2.65775,25,7.62207,5.37479,3.85241,25,1.73213,7.36033,6.46814,7.69931,3.03846,25,7.98477,5.20374,3.42384,25,0,6.66186,3.51243,3.2336,25,1.5857,3.619,0,6.06574,25,4.23822,6.16011,7.42866,6.13499,7.80572,25,2.59817,8.20922,5.77724,25,8.73297,1.53388,6.32137,3.43559,25,3.61168,1.13146,3.56267,0
user49,3.25783,1.82034,18.5846,25,4.66681,3.00725,15.6305,0.69854,19.1414,5.8308,6.05454,2.5356,15.4211,25,2.34747,7.33256,7.62846,2.47614,25,3.00254,3.79515,1.87681,23.6565,25,3.22094,5.4187,5.24227,8.88019,25,5.6522,5.43896,2.6932,5.3099,25,5.13269,2.22156,7.58515,6.52465,25,8.70599,4.8273,4.09735,17.6626,25,1.02307,4.31254,22.2703,1.52211,0,5.14896,7.71845,9.23945,23.0682,25,2.60348,5.0721,18.0063,2.46284,24.8579,11.0964,10.4047,5.44314,3.1187,22.5685,6.74878,1.5108,0.318315,4.80158,25,2.53296,4.85906,4.64491,0.634934,23.1049,2.79422,2.00811,3.15821,11.6188,18.572,4.46999,7.12257,5.00504,4.12822,25,6.53541,6.12332,6.71638,4.09869,25,7.36944,6.89565,5.89833,19.4937,25,9.49001,4.96448,6.63134,16.9192,25,6.84487,0
user50,3.01163,0.844069,5.11217,5.71974,25,16.6366,3.5871,16.3269,8.1181,25,8.00025,19.6911,3.60627,2.60715,25,14.8766,0,5.11228,1.53335,25,3.90303,2.81816,3.45506,5.32459,15.5986,17.2494,6.54269,1.66051,2.9676,19.2547,5.86627,1.61994,5.13098,5.63898,15.6223,18.9786,6.83575,1.59749,6.16118,17.6729,7.1762,4.4989,9.18526,4.75997,17.7428,22.0911,6.47566,9.87667,5.14896,0,5.59826,2.70398,0.0672357,1.50742,25,11.9376,6.77395,0.96609,4.51143,25,5.77708,8.21553,1.7657,3.47142,25,15.8402,4.09568,3.73595,0.422021,25,5.75279,0.748344,6.71665,2.70912,23.6925,3.53057,5.24604,7.04052,5.26999,20.7426,3.93063,5.12185,6.69304,4.93013,24.2073,17.7156,5.56976,4.69878,6.29205,24.4948,17.1301,6.56923,4.85012,7.22587,25,5.27088,2.67726,4.03067,5.86434,25,0
user51,25,2.58724,6.48738,4.21031,3.07589,8.59582,4.03035,0.377507,17.5502,7.20473,25,4.13829,5.65778,14.538,1.3776,9.54583,3.8133,9.03581,6.31117,3.95096,25,3.50906,5.44951,0.715586,4.46357,14.4578,2.67976,2.11779,5.54835,2.28451,25,1.72585,4.71614,14.2814,3.30366,13.7542,3.30249,7.54479,17.9632,6.71658,25,4.58826,8.12644,18.208,7.44461,9.54533,6.24973,7.38184,7.71845,5.59826,0,2.42233,2.91217,16.7525,6.29289,10.7282,4.40547,2.88141,16.5984,3.99677,25,4.06181,2.53356,22.2566,1.73971,6.19557,1.10322,5.28822,22.5813,7.85874,25,7.96773,7.32965,19.3944,4.77612,20.7319,6.59937,6.12007,19.5512,2.49309,21.8799,3.46479,2.62661,7.21856,4.70423,12.1988,10.4517,4.46475,5.11245,1.40572,13.8551,2.31329,1.71619,3.35243,5.73449,25,7.9641,4.03352,3.77202,3.99418,0
user52,0,25,8.3215,3.17193,4.17848,4.75961,7.70998,14.0504,6.53235,3.30464,2.98396,21.4832,4.34326,2.62651,4.11103,8.1465,4.15199,25,2.26047,4.72748,3.27356,25,4.12905,6.58531,2.10722,3.39322,2.41676,25,5.95901,0.373175,1.31462,25,1.83659,3.72878,5.93323,7.05209,0.456966,25,6.69152,4.68131,2.30263,25,1.94289,4.35055,4.87262,4.23974,0,25,9.23945,2.70398,2.42233,0,6.5729,4.88439,6.17198,7.10765,6.65289,25,5.11395,4.0394,4.35036,25,3.3326,4.15526,0,5.65626,1.43467,25,5.25892,4.71529,0.289557,25,4.03376,4.02713,3.35911,3.32494,25,8.60898,0,4.06206,8.97229,25,6.46686,2.57852,8.91678,8.96777,6.72123,25,1.92927,2.0773,7.49026,25,6.39642,1.2907,0,3.80445,25,5.57205,6.25735,7.11647,0
user53,5.72702,5.23435,25,11.7438,8.19351,9.54189,25,4.58996,4.46976,6.25183,4.33723,2.13827,25,6.07771,7.39571,4.65555,23.2203,4.74737,17.6756,4.28022,1.76829,1.64751,25,21.285,9.71395,2.92243,18.7224,7.64689,16.771,7.0009,8.79432,7.90303,24.9216,2.57579,0.926662,5.05167,16.715,5.7947,4.41257,0,4.76521,4.71693,25,4.23745,5.32091,0,25,2.07239,23.0682,0.0672357,2.91217,6.5729,0,3.41948,4.54377,7.40371,25,5.17826,5.57409,5.44943,0,7.4135,23.7319,2.95492,6.78963,6.6167,22.9793,5.97062,4.83659,8.06971,3.17908,4.18087,24.9972,4.07791,2.21473,4.36257,5.57001,25,3.194,2.19289,5.59727,3.80905,25,19.61,1.37942,5.39972,16.7537,1.10359,18.392,1.91645,4.97625,3.871,25,14.9311,2.30461,4.83104,5.41565,25,14.1177,3.9156,0
user54,19.6305,6.04204,0,23.8945,2.63367,4.49239,5.10456,0,25,5.27896,18.7626,2.19572,3.01185,25,7.72228,7.52,7.1606,1.08594,21.0983,7.20198,14.8185,6.35877,6.13177,9.46945,3.39219,8.08535,3.79407,7.6558,25,7.18075,15.0116,2.52682,2.70419,25,5.55141,11.4429,7.67395,11.4791,25,9.25309,22.8229,4.90053,1.93441,25,7.38357,4.2731,11.1234,4.91144,25,1.50742,16.7525,4.88439,3.41948,0,2.17887,7.56399,0,2.32172,25,3.35823,21.3595,7.05152,2.27072,25,4.82328,0.291442,4.57571,5.84542,25,0.0431542,11.7232,5.34205,7.52712,25,5.4569,8.6592,7.74501,4.11186,25,2.42167,7.96725,1.44929,2.00486,19.9699,4.45883,2.3785,7.18026,3.6636,25,5.975,4.15738,8.66904,3.95359,25,1.621,17.5285,4.27019,3.54736,17.5712,2.94212,0
user55,5.57547,6.19908,6.24064,1.01888,25,17.7249,7.15207,21.2097,2.91637,25,1.91237,17.7721,5.08453,9.19829,16.5588,16.9617,3.73849,5.91489,5.52507,25,5.58711,1.81527,3.75468,2.22391,19.0241,16.3061,5.74474,1.36886,4.55006,21.0574,4.0324,3.52507,8.42196,9.07074,11.3128,15.0042,5.43012,6.60214,3.5687,20.7352,6.23875,6.02563,3.84023,3.43618,25,15.6217,3.99085,4.73493,2.60348,25,6.29289,6.17198,4.54377,2.17887,0,10.5876,1.62395,4.45467,2.09815,25,2.00944,4.35628,4.68576,7.88714,25,21.3499,3.30337,2.44151,3.75776,22.1228,0,6.25937,0.665239,8.16718,21.069,7.87384,5.22099,5.60537,4.66046,23.501,8.05743,0,8.35708,0,15.7123,15.9794,6.21971,6.47058,1.95087,24.9311,16.8026,4.85804,4.09508,0,25,4.32343,2.50646,4.00171,2.80959,25,0
user56,10.8799,1.51363,4.71606,2.8785,16.4994,25,3.25364,21.9518,4.22182,18.429,11.3541,19.0483,2.35261,7.44235,1.13071,25,3.38994,5.96033,5.17326,21.082,13.3064,7.30104,2.65425,3.99749,0.524589,25,5.19647,6.50501,3.85593,5.03872,16.2491,0.980307,5.56511,6.56757,1.0656,25,8.97502,7.19821,0.725123,8.02462,11.3536,2.13999,2.47635,6.18493,2.42884,25,1.60094,10.5094,5.0721,11.9376,10.7282,7.10765,7.40371,7.56399,10.5876,0,8.59016,6.88396,4.44857,18.8516,15.8909,8.74015,2.74411,6.4376,13.1552,25,0.97381,5.37834,2.88014,5.48246,16.0443,6.07908,2.80954,7.53669,7.43818,4.95354,4.35659,0,6.53124,5.88207,19.5151,2.83051,4.13515,6.45729,8.25241,25,4.20572,6.14166,3.18723,6.38245,25,1.66469,2.20598,5.14081,16.5757,9.72255,5.34733,3.11357,5.98431,18.0459,0
user57,8.06001,7.52294,25,18.9878,3.95106,6.10149,25,2.6552,5.62662,8.58429,4.7214,1.08252,25,1.32342,5.52828,5.67549,20.439,9.09961,21.6588,7.02121,3.95016,2.14412,25,21.39,1.1215,4.38885,22.8088,3.50578,20.9703,6.04187,2.8674,6.93411,23.6792,3.90525,4.21904,0,25,1.35912,9.51768,6.14582,0.811812,7.89441,25,3.82397,2.97199,3.8229,25,2.65775,18.0063,6.77395,4.40547,6.65289,25,0,1.62395,8.59016,0,6.64185,0.886817,7.06042,3.47135,6.30028,25,2.37068,1.79345,6.15489,15.9402,0.365811,0,3.41577,0.740024,7.30103,16.7637,7.96562,3.65259,5.98852,1.45415,25,7.10349,0.23121,6.5706,0.62763,22.091,22.238,5.96453,6.35669,25,2.55863,22.7979,5.02739,4.85294,6.85537,25,19.5537,1.34083,1.53933,7.81505,25,19.6256,7.5182,0
user58,2.6511,25,1.2225,2.66162,10.2754,4.63567,2.06359,20.6644,8.73303,0,4.90637,23.397,4.08833,4.88121,3.86098,5.85924,0.688466,25,7.84043,4.31707,3.31121,25,2.96392,2.98952,7.43795,8.13572,6.20802,25,9.42812,0.310911,6.11937,25,4.28935,0,6.38013,0,6.6232,25,10.914,2.97809,3.67001,25,6.20969,5.46284,5.90081,3.06134,0.868322,25,2.46284,0.96609,2.88141,25,5.17826,2.32172,4.45467,6.88396,6.64185,0,8.35445,7.38478,3.01812,25,4.17389,8.59185,2.58055,7.4913,3.09286,25,2.19178,1.96372,4.62642,25,5.51762,7.48174,3.59909,5.02409,25,6.38126,12.0395,1.10475,4.90334,25,3.91283,4.28851,4.96356,2.54646,1.39012,25,7.24963,7.26827,5.83797,25,4.28724,2.29202,7.75625,6.6224,25,4.78452,1.92237,4.0963,0
user59,22.7749,1.2189,3.14198,24.5593,0.839112,4.9618,5.6554,6.97468,25,5.17491,18.7714,10.5137,5.66629,25,3.20877,0,1.15708,0,23.2545,1.88835,19.6784,0.954661,5.63129,20.6168,2.04693,8.14538,4.42817,4.94454,25,5.68888,14.987,2.45986,2.04738,22.4655,4.31052,0.193531,1.46623,4.2735,25,8.93233,15.1277,4.23293,4.82163,25,2.68312,3.87765,6.4031,7.62207,24.8579,4.51143,16.5984,5.11395,5.57409,25,2.09815,4.44857,0.886817,8.35445,0,4.05238,16.2165,5.23304,4.29522,25,2.19498,4.03486,5.91336,4.97444,25,4.92159,22.796,6.93287,5.34718,25,5.78297,6.40313,3.89834,3.90845,25,4.63081,2.48521,6.15745,6.66804,16.4431,3.18466,6.17113,2.87469,9.26355,24.1196,8.69418,0,9.32157,2.15519,22.5205,6.91601,13.419,4.59163,7.73947,20.9892,0.0681958,0
user60,3.43786,6.59376,3.71233,5.57789,25,14.6104,4.49058,16.164,5.08081,25,3.88044,13.0088,8.13272,0,20.3166,16.4989,2.36373,8.07453,4.00158,25,2.91928,3.56619,5.06649,1.071,25,14.8182,2.54862,5.43983,5.08341,23.7087,7.71699,3.19487,4.7166,5.08804,23.6434,22.1149,7.30258,1.96649,9.75639,17.7673,2.6755,5.99592,2.6991,6.80275,25,20.0028,4.5146,5.37479,11.0964,25,3.99677,4.0394,5.44943,3.35823,25,18.8516,7.06042,7.38478,4.05238,0,7.93113,3.79457,1.96709,7.96908,25,14.3622,0.182934,3.01627,2.16493,23.2695,2.67197,4.19549,4.25661,4.33333,24.584,1.07844,3.42349,5.85582,3.19984,16.4816,5.78636,1.93981,0.783345,5.49554,15.0619,20.9363,3.64862,4.8491,4.75676,23.4538,23.3098,1.91322,1.69675,0,25,4.95744,3.39175,3.74983,4.26159,25,0
user61,25,7.75919,4.04351,6.55801,4.44635,11.3477,8.26727,5.22202,15.8577,2.45284,25,5.76791,1.87159,13.4886,3.26995,15.3278,6.85676,1.42954,1.69795,9.61021,25,5.08998,6.47231,2.59688,5.29785,11.3954,5.35474,3.03516,3.63915,12.9643,25,5.22274,6.65159,14.7184,0.278854,13.1822,0,4.21462,16.6513,1.69081,25,6.17358,2.72512,25,2.75181,7.92812,1.24449,3.85241,10.4047,5.77708,25,4.35036,0,21.3595,2.00944,15.8909,3.47135,3.01812,16.2165,7.93113,0,4.91042,5.93213,10.5894,3.34071,11.2347,5.75424,1.34087,15.8996,4.50873,25,5.8749,2.42488,17.5961,2.27734,25,4.55912,8.62796,20.3374,3.87685,20.6952,6.9466,9.39281,4.14106,3.60751,16.009,6.80621,6.00572,2.2011,7.29488,14.3498,1.9223,5.29593,2.19047,1.90816,25,4.41446,8.12521,0,2.35115,0
user62,4.01305,25,6.6469,8.28479,3.60073,3.88916,7.13416,24.4681,4.00677,3.88099,3.84277,21.2312,2.03268,7.53442,4.31255,3.4721,5.26259,25,1.41257,3.14817,7.07049,25,5.49166,6.05868,4.4216,5.66335,8.487,25,2.40843,5.17676,2.31161,25,4.42969,3.2337,5.35893,7.85286,4.17371,25,6.92017,2.95004,3.79841,25,5.09549,5.16453,4.74763,8.8392,5.59776,25,5.44314,8.21553,4.06181,25,7.4135,7.05152,4.35628,8.74015,6.30028,25,5.23304,3.79457,4.91042,0,1.43145,4.72404,4.62511,7.27547,4.6973,25,1.01562,3.26441,5.19079,25,6.27464,2.91834,8.10434,3.70712,25,4.41268,4.44737,8.69563,5.81758,25,0,2.71785,3.12242,12.8283,3.48478,25,1.22424,6.69505,2.93015,25,6.13659,0.829794,7.86185,6.46978,25,2.55934,6.69033,5.18562,0
user63,4.12594,1.98623,19.0714,7.87137,5.9476,7.77278,20.7471,6.0518,7.50727,4.64759,5.32016,4.88472,18.2052,7.08346,16.6227,5.73013,25,1.81426,4.27546,4.5992,3.79794,2.51585,17.3191,6.502,17.7773,0,25,5.50249,2.51512,17.188,4.7307,3.96251,25,4.5311,13.5802,2.58549,25,7.2021,0.96145,18.1855,2.16278,4.96742,21.0257,3.68812,20.0994,6.25197,22.2847,1.73213,3.1187,1.7657,2.53356,3.3326,23.7319,2.27072,4.68576,2.74411,25,4.17389,4.29522,1.96709,5.93213,1.43145,0,5.87336,1.51831,7.85343,25,2.91483,3.51454,23.4943,2.93756,7.04103,25,6.96768,13.9968,4.76436,2.9523,20.4079,8.9598,14.6253,0.675275,4.80083,25,7.11118,19.5743,4.29693,25,4.11786,7.77377,16.4134,2.43409,6.40501,24.0017,7.49895,3.52245,1.89165,2.19928,14.9195,5.81541,6.08405,0
user64,17.8409,2.95697,3.77267,19.1118,6.98562,3.74922,5.03739,4.445,25,7.07655,21.0289,6.15949,6.65385,25,1.62499,7.44241,1.84738,3.19212,18.6344,1.64948,15.8307,8.40214,7.53258,22.1474,0.672836,0,0.965817,4.96753,18.7772,3.04189,24.7858,0.332613,3.35542,25,5.14127,8.59095,0.614518,4.41374,25,3.53448,20.7838,2.81289,7.21651,25,2.2056,8.01857,0.48783,7.36033,22.5685,3.47142,22.2566,4.15526,2.95492,25,7.88714,6.4376,2.37068,8.59185,25,7.96908,10.5894,4.72404,5.87336,0,0.979797,0.911248,2.1862,2.30409,25,9.54826,14.32,4.75416,6.7428,25,5.73691,5.56857,6.56198,4.87931,25,4.84678,5.2459,1.28918,2.04412,19.3434,6.80814,6.53606,4.62079,3.73119,24.8644,4.91328,3.24343,5.12932,7.25696,21.4307,5.12107,17.0287,0.390995,4.44578,24.1124,2.10624,0
user65,3.80658,4.41558,3.35074,3.58456,25,13.3174,5.23487,14.3782,3.11543,25,9.58669,22.1128,6.63569,11.3458,25,17.0707,3.08255,1.57199,7.33013,25,4.26731,3.25643,5.0788,0.863031,22.1362,17.8954,0.646202,2.94312,5.68703,25,5.14191,4.55288,7.95809,3.14489,23.9672,21.5801,5.74937,5.30677,0.927487,25,4.27412,0.430378,5.96691,5.53105,22.5164,22.1512,4.93177,6.46814,6.74878,25,1.73971,0,6.78963,4.82328,25,13.1552,1.79345,2.58055,2.19498,25,3.34071,4.62511,1.51831,0.979797,0,13.9647,3.42419,6.10303,5.57715,19.3366,8.37685,3.9224,3.23014,2.34974,22.8645,0,2.47134,8.23636,0.0653133,25,6.31773,1.00234,0,6.91741,20.0765,18.9932,7.34009,6.95747,5.64291,12.1326,18.107,0.0706862,3.58392,0.727779,25,2.92733,4.47418,1.57094,9.49169,25,0
user66,5.62387,4.60351,1.29487,3.40248,17.1426,25,5.76061,22.8595,6.69493,15.7405,14.9765,16.6845,3.36965,3.5331,6.08589,25,0.661543,4.12735,3.25377,17.0414,12.5198,4.77943,1.24962,4.44305,3.29019,22.649,4.77182,4.10806,7.88862,7.31148,9.26819,2.73425,2.09592,7.80815,8.48547,25,3.9455,6.83,5.22629,8.67165,7.83851,2.4791,3.95593,9.31917,7.87278,25,8.64406,7.69931,1.5108,15.8402,6.19557,5.65626,6.6167,0.291442,21.3499,25,6.15489,7.4913,4.03486,14.3622,11.2347,7.27547,7.85343,0.911248,13.9647,0,5.89107,3.49001,10.4831,4.24442,14.6433,3.70248,10.8732,5.51679,1.24051,12.9134,6.62665,5.82947,0.565936,2.76229,12.749,0,7.24395,2.00028,5.28662,25,4.12447,8.97884,3.56006,5.57524,25,4.31019,6.40819,7.45007,18.699,13.7694,6.22353,3.04347,5.99437,17.7646,0
user67,3.86692,2.4744,22.9493,6.95457,5.27738,5.04785,21.312,3.98807,4.31412,7.865,0,2.31813,12.7781,7.75746,19.2139,6.77344,25,6.95591,5.34754,5.95199,4.238,3.62685,22.143,8.09178,9.5082,8.42291,24.7968,3.88169,1.1693,11.2937,7.0777,7.79309,25,5.69667,21.8005,3.30263,25,7.48291,5.45348,19.8403,3.06737,5.96185,21.1354,9.5152,15.2397,0,17.8283,3.03846,0.318315,4.09568,1.10322,1.43467,22.9793,4.57571,3.30337,0.97381,15.9402,3.09286,5.91336,0.182934,5.75424,4.6973,25,2.1862,3.42419,5.89107,0,5.80968,6.51679,14.9921,4.899,5.32659,25,4.44074,25,9.11172,3.1717,16.9087,2.32021,15.8978,8.26928,2.58388,25,3.99203,18.6544,8.15715,25,8.83387,4.04542,23.8017,7.46801,5.18878,12.6688,1.83413,0.0309911,4.54268,5.8937,21.9639,4.68858,3.03797,0
user68,5.0978,25,7.19851,4.9361,4.86799,3.09278,1.8996,24.7667,5.63938,2.57133,3.80202,21.0126,8.62668,4.13413,7.91084,1.68402,6.59235,25,11.0874,2.79152,3.94941,25,3.01951,6.28893,0.313513,6.99889,5.1254,25,7.78098,5.77969,6.86244,25,5.23187,2.4971,5.38562,4.53194,6.85377,25,3.01357,3.07107,7.08365,25,1.44895,4.78519,5.98728,4.25998,4.5386,25,4.80158,3.73595,5.28822,25,5.97062,5.84542,2.44151,5.37834,0.365811,25,4.97444,3.01627,1.34087,25,2.91483,2.30409,6.10303,3.49001,5.80968,0,3.68458,6.27725,7.5129,25,6.46928,1.64075,6.62731,5.36075,25,8.46808,5.63336,3.32531,1.37273,25,2.72496,5.07205,2.23138,0,2.42174,25,4.03757,3.65477,5.11934,25,4.81062,3.20984,7.5217,4.40072,25,3.23919,4.35309,5.54758,0
user69,17.3205,9.3901,5.42037,20.7795,6.58334,3.82353,4.12928,4.14173,25,6.35299,16.2909,1.69298,6.96423,25,12.0047,3.48041,9.37605,6.93058,20.5987,4.3485,18.0119,6.9293,3.67763,25,3.88575,5.06145,4.27028,2.9151,22.8262,0.456229,19.9427,2.7115,7.64412,25,6.87453,5.17499,4.7292,6.87512,25,0.646636,11.5677,3.31834,5.65015,25,5.27375,2.42723,7.08851,7.98477,25,0.422021,22.5813,5.25892,4.83659,25,3.75776,2.88014,0,2.19178,25,2.16493,15.8996,1.01562,3.51454,25,5.57715,10.4831,6.51679,3.68458,0,3.19712,21.0299,4.9365,3.57013,25,3.90779,1.33588,0,5.57512,25,6.0474,1.81433,6.37823,4.9958,15.413,3.21887,0.613195,5.44936,2.63022,24.8908,5.40913,7.04643,1.22651,3.09068,23.0922,4.20388,22.0337,4.86176,4.63214,21.1737,4.0384,0
user70,5.45296,3.98801,7.57505,3.9915,18.4728,3.41633,3.82115,7.75515,4.77479,25,0.729038,7.72564,6.17981,4.08363,25,7.26856,22.7559,5.09222,4.41576,24.222,0,4.31547,1.56612,4.33117,25,5.82737,21.2306,4.02683,3.38817,25,5.08623,3.43899,20.4028,0.498257,25,0.890913,14.988,3.69148,8.32924,25,2.52654,8.85251,5.522,1.85008,25,4.06579,4.22242,5.20374,2.53296,25,7.85874,4.71529,8.06971,0.0431542,22.1228,5.48246,3.41577,1.96372,4.92159,23.2695,4.50873,3.26441,23.4943,9.54826,19.3366,4.24442,14.9921,6.27725,3.19712,0,5.5488,3.0008,15.3828,3.65644,25,1.17511,7.17814,10.7643,4.48713,25,0,8.41358,19.8761,3.64253,25,3.13817,16.3137,7.17094,1.02064,25,5.15499,4.36159,7.62176,2.72103,20.4941,5.87784,2.33757,1.6557,5.1459,20.4493,0
user71,25,7.61767,4.63154,7.90474,3.36227,12.1207,3.84132,0,17.3001,9.59064,25,0,3.76125,15.0385,1.83825,16.9109,4.07443,9.60604,4.94658,2.89805,25,0.765954,4.33128,9.75737,2.09158,13.4335,5.99566,3.44984,5.9346,7.16105,25,4.34285,4.55372,17.4716,3.74659,13.2692,4.59049,5.82552,17.0318,2.70522,25,2.33664,5.90508,18.1225,7.4985,14.5946,5.6131,3.42384,4.85906,5.75279,25,0.289557,3.17908,11.7232,0,16.0443,0.740024,4.62642,22.796,2.67197,25,5.19079,2.93756,14.32,8.37685,14.6433,4.899,7.5129,21.0299,5.5488,0,2.64661,1.26295,18.836,6.63813,18.0386,6.59825,7.00871,20.6712,3.42107,24.336,7.27509,4.43664,5.14392,3.51732,13.9244,3.70712,2.37678,2.87802,4.42451,17.3017,3.51892,7.36652,7.79362,1.62358,25,1.5191,7.50282,6.18357,3.85464,0
user72,3.16666,25,5.04011,4.82215,4.81348,5.01205,4.09221,25,3.72031,4.05616,9.85557,23.4359,7.43371,8.90953,5.88284,0,1.95883,25,5.74659,4.39354,0.979604,25,0,4.4363,5.85218,3.45941,7.04741,25,7.67468,2.48628,4.07327,25,9.09202,4.25432,3.09462,6.68362,5.43166,25,1.12832,6.6998,2.24509,25,5.14246,5.05395,3.59667,1.87671,5.14203,25,4.64491,0.748344,7.96773,25,4.18087,5.34205,6.25937,6.07908,7.30103,25,6.93287,4.19549,5.8749,25,7.04103,4.75416,3.9224,3.70248,5.32659,25,4.9365,3.0008,2.64661,0,7.23366,0,5.11923,6.42992,25,5.32346,5.78382,4.68459,5.31062,25,9.80665,4.54388,3.1568,2.91163,5.75888,24.3995,7.06688,0.834441,4.18678,25,6.32971,4.91796,4.28209,6.26824,25,0,3.64195,5.62712,0
user73,5.01159,5.52051,13.916,6.98704,3.25698,1.88143,24.2341,0.356613,3.93428,3.8888,2.27082,6.30944,20.0174,11.221,21.2487,5.07395,25,5.53284,5.39789,2.70335,0,2.96663,19.8533,7.48357,12.8333,5.96828,25,3.24913,4.09296,18.6997,8.08258,1.72381,25,7.38673,18.7407,4.53541,25,4.27337,4.41379,15.7086,4.45214,3.01442,21.8499,4.52511,23.2156,6.20019,16.569,0,0.634934,6.71665,7.32965,4.03376,24.9972,7.52712,0.665239,2.80954,16.7637,5.51762,5.34718,4.25661,2.42488,6.27464,25,6.7428,3.23014,10.8732,25,6.46928,3.57013,15.3828,1.26295,7.23366,0,9.78849,23.7193,2.96184,5.93808,21.5555,9.15628,19.2701,4.41658,4.22657,25,1.32881,13.4546,6.46044,25,3.60435,4.78569,25,7.00475,3.10194,25,5.52657,7.56786,3.33014,3.16316,25,2.25708,0.886137,0
user74,21.2297,2.54549,2.81696,21.0299,4.78454,6.23949,5.53122,3.06198,25,2.72185,20.1818,6.20556,3.23065,25,4.92709,2.30661,8.09836,7.48285,15.0802,6.54671,10.8449,2.80289,6.34205,23.5872,6.04375,2.16477,2.73578,3.2857,23.3912,3.09227,17.4291,10.2982,4.79906,25,1.45486,3.80072,3.79478,2.52182,25,4.97022,15.0416,7.30776,6.20513,25,7.4148,4.93203,1.60299,6.66186,23.1049,2.70912,19.3944,4.02713,4.07791,25,8.16718,7.53669,7.96562,7.48174,25,4.33333,17.5961,2.91834,6.96768,25,2.34974,5.51679,4.44074,1.64075,25,3.65644,18.836,0,9.78849,0,0,3.85626,1.18653,2.73852,25,5.15134,0,4.88852,4.07398,24.888,5.41703,5.24645,6.80266,4.82862,25,5.43109,5.89991,5.30704,4.27538,19.4227,8.06075,12.2189,6.184,5.22861,15.8375,3.01644,0
user75,1.10723,10.6553,1.69786,5.76273,25,0,1.84447,0.714021,0.484649,24.4312,4.59753,8.78157,3.07218,2.82898,25,5.8268,14.0597,3.09272,7.49379,22.0646,0,2.83887,3.85754,2.53111,25,6.47884,15.9818,0.744055,7.16968,25,4.36671,2.70003,17.4575,6.52578,25,4.68122,14.0217,0,0.818837,25,2.25277,4.05659,7.72228,7.75654,25,7.11071,8.42124,3.51243,2.79422,23.6925,4.77612,3.35911,2.21473,5.4569,21.069,7.43818,3.65259,3.59909,5.78297,24.584,2.27734,8.10434,13.9968,5.73691,22.8645,1.24051,25,6.62731,3.90779,25,6.63813,5.11923,23.7193,0,0,2.04558,6.782,5.92755,0,25,2.95213,0.78592,19.0597,5.72679,25,7.56952,17.5217,4.29604,9.54375,25,4.11866,5.02383,4.4589,0.504735,19.1691,1.47051,10.1726,6.57944,3.54556,25,0
user76,18.4088,5.08439,1.12482,3.33174,5.60375,16.855,5.01911,2.92101,7.43639,2.07294,21.4261,1.46197,3.40847,5.95349,6.60691,10.9024,1.6023,5.6651,7.57523,2.31528,22.4809,7.37074,4.3121,2.37391,3.55782,10.4233,8.17354,1.22549,1.9689,8.27781,19.6736,2.42024,6.71882,1.46242,1.34824,13.5429,2.80674,6.01948,2.40277,6.24003,15.3137,3.72105,5.08666,2.43239,4.19351,14.5494,4.84302,3.2336,2.00811,3.53057,20.7319,3.32494,4.36257,8.6592,7.87384,4.95354,5.98852,5.02409,6.40313,1.07844,25,3.70712,4.76436,5.56857,0,12.9134,9.11172,5.36075,1.33588,1.17511,18.0386,6.42992,2.96184,3.85626,2.04558,0,5.67254,4.58112,5.45541,3.87613,25,5.39853,8.54013,0.991906,5.33773,18.6371,5.98618,7.20978,4.42237,3.18194,12.343,5.12077,2.87473,0.340115,6.04291,15.4437,3.83036,4.45667,6.53741,3.51461,0
user77,3.23534,25,4.88344,4.48226,9.12803,3.40857,1.42327,18.5295,5.2413,6.36574,4.10858,11.086,3.0645,2.23707,5.22971,5.87158,2.62908,25,5.4298,4.82052,5.76622,25,2.02471,0.961694,7.43336,0,4.21486,25,6.60283,2.95551,5.5909,25,8.79741,11.3924,7.87651,3.24219,7.04488,25,5.9778,6.76494,1.40006,25,9.03604,1.48483,3.59052,9.32316,3.83722,25,3.15821,5.24604,6.59937,25,5.57001,7.74501,5.22099,4.35659,1.45415,25,3.89834,3.42349,4.55912,25,2.9523,6.56198,2.47134,6.62665,3.1717,25,0,7.17814,6.59825,25,5.93808,1.18653,6.782,5.67254,0,4.69544,4.06182,6.62333,3.24159,25,1.69927,7.32495,3.67277,4.77288,4.38558,25,9.58759,0.887038,0,25,7.47383,0,7.3271,4.86241,25,6.2113,3.79969,5.94472,0
user78,8.96015,4.49969,25,25,2.28087,3.60924,25,3.04665,5.46906,2.23261,2.58012,10.695,25,2.20374,3.8115,6.56867,22.1202,2.13396,17.1027,4.97691,8.23845,0.396665,25,17.1362,7.63999,2.19263,17.2949,3.06953,22.9883,0.332947,3.88747,7.61718,17.4695,4.08965,8.17446,8.74416,15.4034,6.46813,4.13083,3.9727,4.24567,6.03751,25,4.34047,0.680638,4.91348,25,1.5857,11.6188,7.04052,6.12007,8.60898,25,4.11186,5.60537,0,25,6.38126,3.90845,5.85582,8.62796,4.41268,20.4079,4.87931,8.23636,5.82947,16.9087,8.46808,5.57512,10.7643,7.00871,5.32346,21.5555,2.73852,5.92755,4.58112,4.69544,0,4.27827,1.08596,6.93834,7.01676,21.7759,14.7215,3.1872,1.98847,21.2941,4.44791,23.6389,3.10717,7.16369,2.69909,25,24.1401,0,2.31299,7.12559,25,20.601,1.3867,0
user79,18.132,2.74957,4.59102,24.8646,2.54769,6.31973,6.38675,3.34568,25,4.16876,22.152,8.17696,2.78496,21.6246,11.5899,4.38346,9.21113,1.7351,25,5.39263,21.5923,4.58695,4.41776,19.6075,8.9698,1.38656,4.30299,3.9574,22.0365,4.88591,17.4109,10.0939,3.98677,25,2.63545,5.88545,2.06715,2.00175,25,8.78098,21.2205,0.464522,5.67142,25,6.08547,4.87846,5.12452,3.619,18.572,5.26999,19.5512,0,3.194,25,4.66046,6.53124,7.10349,12.0395,25,3.19984,20.3374,4.44737,8.9598,25,0.0653133,0.565936,2.32021,5.63336,25,4.48713,20.6712,5.78382,9.15628,25,0,5.45541,4.06182,4.27827,0,4.41839,8.2021,7.73306,2.86903,20.468,3.50524,4.07646,3.56907,0.68396,20.6739,2.74713,7.41718,5.0564,2.41957,25,5.10422,11.3535,0.0082048,4.85852,19.0614,5.17333,0
user80,3.31019,3.06047,8.10811,9.64315,25,7.61197,0,2.74423,0.0122307,23.3775,3.65597,5.76394,4.61627,1.78442,25,4.90843,19.8489,8.43897,1.85147,17.271,3.23203,4.25118,4.17128,1.66197,25,5.10064,17.0044,6.9441,0,25,6.37237,1.03427,23.6915,1.28293,25,5.86607,20.2373,0.367428,2.4284,25,5.63169,7.71398,6.09578,2.78097,25,5.70278,3.88376,0,4.46999,20.7426,2.49309,4.06206,2.19289,2.42167,23.501,5.88207,0.23121,1.10475,4.63081,16.4816,3.87685,8.69563,14.6253,4.84678,25,2.76229,15.8978,3.32531,6.0474,25,3.42107,4.68459,19.2701,5.15134,25,3.87613,6.62333,1.08596,4.41839,0,2.09039,6.02813,19.7904,5.29199,25,6.97131,18.9623,1.2395,5.23924,25,2.60954,3.58994,4.11469,5.83645,22.4186,10.1616,5.13412,7.07864,8.65356,24.5491,0
user81,20.6071,3.64353,2.92084,8.91454,5.6483,12.3055,3.49008,4.28435,2.39874,4.66617,23.9389,4.49778,0,4.30782,2.44358,7.9472,3.21845,7.83115,1.29186,7.25946,25,8.80224,7.24434,6.49458,3.05437,11.922,0.691104,7.17146,6.89577,3.03763,20.9154,3.21727,0.386934,3.36447,4.37689,14.3678,2.50855,5.24322,1.32209,2.2903,19.2969,0.657421,1.18156,3.01477,2.94681,17.8556,5.35445,6.06574,7.12257,3.93063,21.8799,8.97229,5.59727,7.96725,8.05743,19.5151,6.5706,4.90334,2.48521,5.78636,20.6952,5.81758,0.675275,5.2459,6.31773,12.749,8.26928,1.37273,1.81433,0,24.336,5.31062,4.41658,0,2.95213,25,3.24159,6.93834,8.2021,2.09039,0,0,4.94785,7.2629,3.7595,10.2605,1.93252,2.6067,6.38588,4.54574,8.34618,2.99845,0.608322,6.27275,5.32093,20.9616,1.58062,2.42226,3.07823,4.29768,0
user82,5.78819,25,3.34691,3.02532,5.39238,4.58415,5.96505,16.0541,5.94958,4.33662,7.26643,18.3975,4.25061,6.57041,6.75397,6.68995,0.586277,25,10.6212,2.06103,6.33966,25,3.96266,7.38906,3.76727,1.85834,9.32107,25,5.20353,4.11206,6.47248,25,1.18332,4.5055,3.64307,2.80254,4.20931,25,5.18556,2.51988,7.83976,25,2.86282,5.88169,4.39248,3.25288,0,25,5.00504,5.12185,3.46479,25,3.80905,1.44929,0,2.83051,0.62763,25,6.15745,1.93981,6.9466,25,4.80083,1.28918,1.00234,0,2.58388,25,6.37823,8.41358,7.27509,25,4.22657,4.88852,0.78592,5.39853,25,7.01676,7.73306,6.02813,0,0,3.38752,0,4.97897,5.12381,4.59062,25,7.63391,0,6.37282,25,2.20922,8.71063,6.35682,11.3939,25,5.0136,3.54115,4.51273,0
user83,7.29083,3.24706,23.0731,5.84684,3.50245,5.86024,19.8582,5.89857,2.27036,8.96874,6.65292,6.62877,25,2.18639,16.1105,5.80654,25,4.46378,3.05716,10.651,3.65188,0.701319,17.597,6.07863,10.4755,6.46861,25,1.37735,5.25074,14.4922,4.96812,1.241,25,8.03903,20.4702,4.75646,25,10.6383,0.486901,17.6274,4.55295,6.45401,25,7.34198,20.0633,8.27445,17.7479,4.23822,4.12822,6.69304,2.62661,6.46686,25,2.00486,8.35708,4.13515,22.091,3.91283,6.66804,0.783345,9.39281,0,25,2.04412,0,7.24395,25,2.72496,4.9958,19.8761,4.43664,9.80665,25,4.07398,19.0597,8.54013,1.69927,21.7759,2.86903,19.7904,4.94785,3.38752,0,5.04245,12.8177,10.0326,25,4.23279,9.96592,17.3626,5.27486,3.60961,13.0335,5.76652,3.84939,7.43197,1.96798,22.9251,4.9483,9.27087,0
user84,3.38939,1.92257,15.0854,25,5.2024,2.28192,12.8629,0.699638,24.2624,5.00006,2.92531,4.96584,16.2071,21.9667,5.48591,2.88398,2.08182,2.24211,25,5.93339,6.11894,5.90518,16.0131,25,2.06172,3.09397,5.50454,4.1236,25,5.29139,7.1805,4.9562,9.73084,22.612,0,3.85324,6.88241,6.33596,18.2773,3.91893,2.44355,5.8699,19.6789,17.2097,6.06719,7.29863,15.8122,6.16011,25,4.93013,7.21856,2.57852,19.61,19.9699,0,6.45729,22.238,4.28851,16.4431,5.49554,4.14106,2.71785,7.11118,19.3434,6.91741,2.00028,3.99203,5.07205,15.413,3.64253,5.14392,4.54388,1.32881,24.888,5.72679,0.991906,7.32495,14.7215,20.468,5.29199,7.2629,0,5.04245,0,0.398263,0.999002,1.13619,6.25674,25,0,4.97473,5.36441,23.5263,25,3.69301,2.97485,4.28676,15.6059,25,0.590178,0
user85,1.44122,0,6.9832,2.64836,16.3042,3.43544,4.18967,5.23687,3.58744,20.3409,5.18276,4.18095,1.96846,3.90898,25,2.10418,21.611,2.64454,4.90101,19.6619,2.83287,3.03218,4.95177,2.74331,25,6.92225,17.6086,4.52686,5.51299,25,4.49611,3.80922,17.1617,2.46063,25,4.27812,19.3709,2.468,7.10811,25,5.9596,2.40505,5.0038,5.38204,21.514,9.49154,3.1763,7.42866,6.53541,24.2073,4.70423,8.91678,1.37942,4.45883,15.7123,8.25241,5.96453,4.96356,3.18466,15.0619,3.60751,3.12242,19.5743,6.80814,20.0765,5.28662,18.6544,2.23138,3.21887,25,3.51732,3.1568,13.4546,5.41703,25,5.33773,3.67277,3.1872,3.50524,25,3.7595,4.97897,12.8177,0.398263,0,6.57977,17.0809,3.7092,2.30949,25,5.46555,6.12156,11.3108,0.481361,18.3287,2.36304,7.83558,7.4469,5.16791,16.7205,0
user86,13.6748,1.80571,0.347839,6.7692,13.9435,25,4.86651,23.0095,3.18125,17.1101,11.3049,11.1437,7.66174,2.10484,6.71026,25,3.44672,4.43784,1.9674,19.3782,8.65373,0.817919,6.80917,3.26339,4.78041,25,0,6.67805,10.3478,6.0269,21.0348,9.3897,6.18793,6.61751,4.73091,25,3.52384,1.1444,4.49647,8.04858,13.6645,6.51519,7.2183,6.32843,6.63637,25,5.87601,6.13499,6.12332,17.7156,12.1988,8.96777,5.39972,2.3785,15.9794,25,6.35669,2.54646,6.17113,20.9363,16.009,12.8283,4.29693,6.53606,18.9932,25,8.15715,0,0.613195,3.13817,13.9244,2.91163,6.46044,5.24645,7.56952,18.6371,4.77288,1.98847,4.07646,6.97131,10.2605,5.12381,10.0326,0.999002,6.57977,0,8.71334,7.23047,5.80979,7.25531,25,0,5.12122,7.15495,19.4426,9.10023,1.173,0.857179,11.3167,20.7325,0
user87,2.39876,5.40857,24.7925,5.54294,6.15033,9.73387,12.7511,4.81792,6.59826,7.25297,6.60537,9.5969,20.9601,2.68961,19.2225,4.66628,25,3.60693,7.11718,7.61079,4.71353,5.23672,20.2995,4.71534,12.4176,6.88658,25,6.44759,0.342523,14.9663,8.5163,6.36074,25,5.06575,21.1433,4.12195,25,8.44681,3.27478,15.7215,6.52654,7.29791,14.4287,6.39087,19.7504,2.16718,17.6585,7.80572,6.71638,5.56976,10.4517,6.72123,16.7537,7.18026,6.21971,4.20572,25,1.39012,2.87469,3.64862,6.80621,3.48478,25,4.62079,7.34009,4.12447,25,2.42174,5.44936,16.3137,3.70712,5.75888,25,6.80266,17.5217,5.98618,4.38558,21.2941,3.56907,18.9623,1.93252,4.59062,25,1.13619,17.0809,8.71334,0,4.71023,4.46113,17.3624,5.67937,2.56271,19.3224,9.40436,7.28981,4.70314,7.58371,24.316,5.02659,3.15805,0
user88,7.1909,25,2.62793,5.74111,3.80572,5.86017,6.90358,24.463,6.38667,4.11884,9.55074,23.2697,7.1689,2.94151,4.62451,7.68063,5.255,25,0.210886,4.46206,5.47391,25,4.64243,0.204044,3.99845,5.46996,3.89243,25,3.18561,3.04345,7.1019,25,1.18838,7.20367,3.37656,4.43528,2.94798,25,7.16217,3.2648,0,25,2.87911,5.33705,6.96146,0.863303,4.73573,25,4.09869,4.69878,4.46475,25,1.10359,3.6636,6.47058,6.14166,2.55863,25,9.26355,4.8491,6.00572,25,4.11786,3.73119,6.95747,8.97884,8.83387,25,2.63022,7.17094,2.37678,24.3995,3.60435,4.82862,4.29604,7.20978,25,4.44791,0.68396,1.2395,2.6067,25,4.23279,6.25674,3.7092,7.23047,4.71023,0,1.80934,9.46621,5.53455,25,0.881552,7.79637,6.13799,5.13452,25,4.29291,4.8205,5.56268,0
user89,1.97985,2.51686,20.343,25,5.99953,0,19.3278,2.73403,16.5414,4.21187,6.48638,4.40277,14.7011,22.6951,0.959534,6.0919,3.29446,5.31674,25,6.31117,3.12256,1.90641,23.0138,25,2.41269,5.22859,0.371018,2.38003,25,2.91466,7.17899,2.33274,3.43614,25,4.91714,3.68156,9.32435,0,17.5715,3.08568,5.68348,4.32757,17.1804,12.0324,0,4.60188,9.15579,2.59817,25,6.29205,5.11245,1.92927,18.392,25,1.95087,3.18723,22.7979,7.24963,24.1196,4.75676,2.2011,1.22424,7.77377,24.8644,5.64291,3.56006,4.04542,4.03757,24.8908,1.02064,2.87802,7.06688,4.78569,25,9.54375,4.42237,9.58759,23.6389,20.6739,5.23924,6.38588,7.63391,9.96592,25,2.30949,5.80979,4.46113,1.80934,0,4.45767,6.86058,8.35182,9.17064,25,6.81788,2.76235,3.79797,14.8915,25,5.97517,0
user90,5.89634,5.29475,5.84863,6.72551,19.3718,9.07664,4.32586,6.48872,6.07545,23.775,4.70195,3.54856,5.92841,5.0786,25,8.12382,15.2722,0,5.86578,25,2.88449,4.83932,7.62865,7.08946,25,2.54966,19.9724,8.23619,2.67651,25,7.19073,5.98746,19.4534,4.80151,25,6.84813,16.3766,6.61481,6.45077,25,2.79167,8.37769,4.91209,4.0863,25,4.70739,1.23403,8.20922,7.36944,24.4948,1.40572,2.0773,1.91645,5.975,24.9311,6.38245,5.02739,7.26827,8.69418,23.4538,7.29488,6.69505,16.4134,4.91328,12.1326,5.57524,23.8017,3.65477,5.40913,25,4.42451,0.834441,25,5.43109,25,3.18194,0.887038,3.10717,2.74713,25,4.54574,0,17.3626,0,25,7.25531,17.3624,9.46621,4.45767,0,5.16427,4.77789,5.00694,6.51593,22.5986,8.22692,6.52709,4.86998,6.34969,12.8507,0
user91,4.54141,0.855661,0.0715157,2.7378,15.616,25,4.08538,22.4765,7.11979,13.6944,19.2325,11.0469,0.587953,9.29817,6.70949,25,9.65946,4.23211,0,19.9556,16.5207,2.57659,5.35677,3.81971,4.76534,25,3.09266,3.47747,1.37777,0,14.7659,8.96502,3.8495,5.76222,8.32061,25,3.35179,6.67121,1.96083,2.95376,12.8088,4.83475,4.92453,5.35967,4.92138,25,6.93869,5.77724,6.89565,17.1301,13.8551,7.49026,4.97625,4.15738,16.8026,25,4.85294,5.83797,0,23.3098,14.3498,2.93015,2.43409,3.24343,18.107,25,7.46801,5.11934,7.04643,5.15499,17.3017,4.18678,7.00475,5.89991,4.11866,12.343,0,7.16369,7.41718,2.60954,8.34618,6.37282,5.27486,4.97473,5.46555,25,5.67937,5.53455,6.86058,5.16427,0,2.70113,6.64537,5.79801,21.6749,12.8352,1.46481,8.3405,4.9932,15.1101,0
user92,7.78833,25,5.33373,4.82683,1.83693,7.28787,0.648258,25,1.7863,6.64445,3.00235,14.9217,5.25142,5.34821,6.24904,4.13797,1.23373,25,4.4199,12.1117,1.41747,25,4.62413,8.58418,11.9331,6.65081,1.48103,25,8.56203,2.85057,8.32818,25,8.95401,7.55506,3.13926,10.0061,6.72635,25,3.23788,2.51359,6.54438,25,1.75743,3.44442,6.69491,4.56269,5.44857,25,5.89833,6.56923,2.31329,25,3.871,8.66904,4.85804,1.66469,6.85537,25,9.32157,1.91322,1.9223,25,6.40501,5.12932,0.0706862,4.31019,5.18878,25,1.22651,4.36159,3.51892,25,3.10194,5.30704,5.02383,5.12077,25,2.69909,5.0564,3.58994,2.99845,25,3.60961,5.36441,6.12156,0,2.56271,25,8.35182,4.77789,2.70113,0,3.69756,4.74761,5.67186,5.2952,25,3.9926,4.16094,6.55856,0
user93,4.68688,1.98621,25,18.6376,4.8721,5.31024,25,4.26564,10.5252,1.57743,0.012947,0.224063,25,2.7309,5.15952,6.30938,25,2.12071,21.8166,7.38987,3.83466,2.89318,23.7558,15.131,4.37529,4.43892,16.772,5.96175,20.1234,3.56744,3.70907,4.22666,18.8413,8.30608,4.76611,2.39966,17.1295,0.0324145,1.83376,2.2077,4.0096,4.63059,25,3.70029,4.38748,0,25,8.73297,19.4937,4.85012,1.71619,6.39642,25,3.95359,4.09508,2.20598,25,4.28724,2.15519,1.69675,5.29593,6.13659,24.0017,7.25696,3.58392,6.40819,12.6688,4.81062,3.09068,7.62176,7.36652,6.32971,25,4.27538,4.4589,2.87473,7.47383,25,2.41957,4.11469,0.608322,2.20922,13.0335,23.5263,11.3108,5.12122,19.3224,0.881552,9.17064,5.00694,6.64537,3.69756,0,19.423,4.00802,4.4597,1.30281,25,13.8229,7.88552,0
user94,8.29604,5.2729,15.1421,25,5.37745,6.57637,18.3812,1.28939,21.2341,6.59968,8.42008,2.80118,14.2352,21.0608,4.63065,5.36455,2.07337,4.74875,19.8667,8.18118,3.15245,8.22009,9.80303,25,3.77633,7.28967,1.7731,7.91811,25,3.11322,5.37239,6.09214,4.16354,19.4411,0.974569,3.98229,4.75124,5.3845,22.9901,4.41833,4.56678,3.05962,12.8469,14.929,3.07653,3.22346,19.4107,1.53388,25,7.22587,3.35243,1.2907,14.9311,25,0,5.14081,19.5537,2.29202,22.5205,0,2.19047,0.829794,7.49895,21.4307,0.727779,7.45007,1.83413,3.20984,23.0922,2.72103,7.79362,4.91796,5.52657,19.4227,0.504735,0.340115,0,24.1401,25,5.83645,6.27275,8.71063,5.76652,25,0.481361,7.15495,9.40436,7.79637,25,6.51593,5.79801,4.74761,19.423,0,0,5.40248,7.73025,15.5181,25,5.52859,0
user95,8.7466,5.89846,1.76132,7.02615,25,17.5619,2.32733,13.6692,4.8849,25,2.30784,24.4197,0.483399,0,21.3643,16.1566,3.79223,10.1945,4.09724,25,6.65813,5.38638,5.6841,0.460887,25,23.3157,3.80342,4.26122,7.62207,20.1117,3.31518,7.96162,9.6444,4.14039,19.0838,25,4.82263,1.63553,0,21.258,7.10564,2.02851,5.48776,2.05749,25,12.6253,4.54145,6.32137,9.49001,25,5.73449,0,2.30461,1.621,25,16.5757,1.34083,7.75625,6.91601,25,1.90816,7.86185,3.52245,5.12107,25,18.699,0.0309911,7.5217,4.20388,20.4941,1.62358,4.28209,7.56786,8.06075,19.1691,6.04291,7.3271,0,5.10422,22.4186,5.32093,6.35682,3.84939,3.69301,18.3287,19.4426,7.28981,6.13799,6.81788,22.5986,21.6749,5.67186,4.00802,0,0,8.14231,5.7269,8.76481,5.29761,25,0
user96,25,3.14288,2.26101,3.76173,2.53541,15.4036,9.39236,5.42881,16.1092,3.46989,25,6.30169,3.92876,18.386,4.00006,17.0256,5.6,5.47072,5.4416,7.10615,25,4.38853,0.969987,2.78676,4.69978,11.4339,6.24725,6.08877,4.53108,5.40169,25,10.6719,5.50269,13.4966,4.37203,9.03052,5.13181,12.1045,21.7358,4.91369,25,5.14927,11.2357,19.695,2.82116,11.2062,5.65729,3.43559,4.96448,5.27088,25,3.80445,4.83104,17.5285,4.32343,9.72255,1.53933,6.6224,13.419,4.95744,25,6.46978,1.89165,17.0287,2.92733,13.7694,4.54268,4.40072,22.0337,5.87784,25,6.26824,3.33014,12.2189,1.47051,15.4437,4.86241,2.31299,11.3535,10.1616,20.9616,11.3939,7.43197,2.97485,2.36304,9.10023,4.70314,5.13452,2.76235,8.22692,12.8352,5.2952,4.4597,5.40248,8.14231,0,7.40438,2.7538,8.39491,5.03664,0
user97,10.3288,25,1.93432,2.05809,4.0999,5.6953,5.08328,20.8496,1.81889,6.26555,4.50914,15.2909,2.79602,6.47628,3.4661,0,5.46415,25,8.87772,3.12773,6.41896,25,2.47254,4.65027,2.6523,2.47335,7.79192,25,1.08293,4.00165,8.54518,25,1.76746,3.67715,7.10337,5.10299,4.76925,25,6.75471,4.70778,4.15437,25,3.71048,1.6552,3.1725,4.98597,4.97114,25,6.63134,2.67726,7.9641,25,5.41565,4.27019,2.50646,5.34733,7.81505,25,4.59163,3.39175,4.41446,25,2.19928,0.390995,4.47418,6.22353,5.8937,25,4.86176,2.33757,1.5191,25,3.16316,6.184,10.1726,3.83036,25,7.12559,0.0082048,5.13412,1.58062,25,1.96798,4.28676,7.83558,1.173,7.58371,25,3.79797,6.52709,1.46481,25,1.30281,7.73025,5.7269,7.40438,0,3.01068,2.64118,2.88436,0
user98,5.6429,2.25014,25,16.0327,8.9974,1.98092,25,7.71955,8.5315,7.1722,5.21178,0,25,5.30749,8.25553,5.34664,23.1668,3.59353,22.2728,4.99911,7.34134,2.63172,25,21.4115,4.63624,0.0356673,14.3831,2.81268,20.7921,8.33591,6.189,6.51703,25,6.79182,6.41141,9.1921,25,2.21541,4.7795,5.48054,3.72976,0,25,3.38107,2.24472,3.74752,25,3.61168,16.9192,4.03067,4.03352,5.57205,25,3.54736,4.00171,3.11357,25,4.78452,7.73947,3.74983,8.12521,2.55934,14.9195,4.44578,1.57094,3.04347,21.9639,3.23919,4.63214,1.6557,7.50282,0,25,5.22861,6.57944,4.45667,6.2113,25,4.85852,7.07864,2.42226,5.0136,22.9251,15.6059,7.4469,0.857179,24.316,4.29291,14.8915,4.86998,8.3405,3.9926,25,15.5181,8.76481,2.7538,3.01068,0,15.7225,6.07538,0
user99,5.24523,7.4456,15.1749,25,4.40479,5.89035,15.3347,6.46529,25,6.67024,5.13729,1.81203,15.9948,18.3133,4.88467,4.71697,2.70842,3.19102,25,5.83141,6.08222,4.09803,18.4923,25,1.22863,4.94477,6.8504,4.3374,25,4.97118,3.82355,9.41966,2.95901,8.69956,7.34821,11.1069,4.29976,5.89889,25,3.70978,0.0540109,7.41857,21.4933,25,6.8866,5.49779,14.4783,1.13146,25,5.86434,3.77202,6.25735,14.1177,17.5712,2.80959,5.98431,19.6256,1.92237,20.9892,4.26159,0,6.69033,5.81541,24.1124,9.49169,5.99437,4.68858,4.35309,21.1737,5.1459,6.18357,3.64195,2.25708,15.8375,3.54556,6.53741,3.79969,20.601,19.0614,8.65356,3.07823,3.54115,4.9483,25,5.16791,11.3167,5.02659,4.8205,25,6.34969,4.9932,4.16094,13.8229,25,5.29761,8.39491,2.64118,15.7225,0,1.06511,0
user100,6.17934,4.18861,5.216,3.74043,25,14.1511,8.18666,17.0574,4.88881,25,1.22409,21.9043,0.476141,4.32763,16.5007,19.2825,8.91444,12.1499,6.07966,25,2.76577,2.13832,0,1.65079,18.2499,17.0442,8.11507,2.85004,7.12155,13.9498,4.50543,2.83123,5.5619,7.76871,23.48,25,5.77688,4.58363,4.41509,22.0274,6.95546,5.87837,6.10435,7.38265,19.5819,21.7069,0.0969309,3.56267,6.84487,25,3.99418,7.11647,3.9156,2.94212,25,18.0459,7.5182,4.0963,0.0681958,25,2.35115,5.18562,6.08405,2.10624,25,17.7646,3.03797,5.54758,4.0384,20.4493,3.85464,5.62712,0.886137,3.01644,25,3.51461,5.94472,1.3867,5.17333,24.5491,4.29768,4.51273,9.27087,0.590178,16.7205,20.7325,3.15805,5.56268,5.97517,12.8507,15.1101,6.55856,7.88552,5.52859,25,5.03664,2.88436,6.07538,1.06511,0,0
user123,0,0,0,0,0,0,0,0,0,0,18.7785,0,0,0,0,0,0,0,0,0,0,0,0,0,0,0,0,0,0,0,0,0,0,0,0,0,0,0,0,0,0,0,0,0,0,0,0,0,0,0,0,0,0,0,0,0,0,0,0,0,0,0,0,0,0,0,0,0,0,0,0,0,0,0,0,0,0,0,0,0,0,0,0,0,0,0,0,0,0,0,0,0,0,0,0,0,0,0,0,0,0
